0 verbose cli /usr/bin/node /usr/bin/npm
1 info using npm@11.11.0
2 info using node@v25.7.0
3 silly config load:file:/usr/lib/node_modules/npm/npmrc
4 silly config load:file:/home/azaroth/Downloads/.npmrc
5 silly config load:file:/home/azaroth/.npmrc
6 silly config load:file:/etc/npmrc
7 verbose title npm install browser-sync
8 verbose argv "install" "browser-sync"
9 verbose logfile logs-max:10 dir:/home/azaroth/.npm/_logs/2026-03-11T12_51_36_750Z-
10 verbose logfile /home/azaroth/.npm/_logs/2026-03-11T12_51_36_750Z-debug-0.log
11 silly logfile start cleaning logs, removing 1 files
12 silly packumentCache heap:4496293888 maxSize:1124073472 maxEntrySize:562036736
13 silly logfile done cleaning log files
14 silly idealTree buildDeps
15 silly fetch manifest browser-sync@*
16 silly packumentCache full:https://registry.npmjs.org/browser-sync cache-miss
17 http fetch GET 200 https://registry.npmjs.org/browser-sync 516ms (cache miss)
18 silly packumentCache full:https://registry.npmjs.org/browser-sync set size:undefined disposed:false
19 silly placeDep ROOT browser-sync@3.0.4 OK for:  want: *
20 silly fetch manifest browser-sync-client@^3.0.4
21 silly packumentCache full:https://registry.npmjs.org/browser-sync-client cache-miss
22 silly fetch manifest browser-sync-ui@^3.0.4
23 silly packumentCache full:https://registry.npmjs.org/browser-sync-ui cache-miss
24 silly fetch manifest bs-recipes@1.3.4
25 silly packumentCache full:https://registry.npmjs.org/bs-recipes cache-miss
26 http fetch GET 200 https://registry.npmjs.org/browser-sync-client 166ms (cache miss)
27 silly packumentCache full:https://registry.npmjs.org/browser-sync-client set size:undefined disposed:false
28 silly fetch manifest chalk@4.1.2
29 silly packumentCache full:https://registry.npmjs.org/chalk cache-miss
30 http fetch GET 200 https://registry.npmjs.org/chalk 71ms (cache revalidated)
31 silly packumentCache full:https://registry.npmjs.org/chalk set size:117861 disposed:false
32 silly fetch manifest chokidar@^3.5.1
33 silly packumentCache full:https://registry.npmjs.org/chokidar cache-miss
34 http fetch GET 200 https://registry.npmjs.org/browser-sync-ui 254ms (cache miss)
35 silly packumentCache full:https://registry.npmjs.org/browser-sync-ui set size:undefined disposed:false
36 silly fetch manifest connect@3.6.6
37 silly packumentCache full:https://registry.npmjs.org/connect cache-miss
38 http fetch GET 200 https://registry.npmjs.org/bs-recipes 262ms (cache miss)
39 silly packumentCache full:https://registry.npmjs.org/bs-recipes set size:undefined disposed:false
40 silly fetch manifest connect-history-api-fallback@^1
41 silly packumentCache full:https://registry.npmjs.org/connect-history-api-fallback cache-miss
42 http fetch GET 200 https://registry.npmjs.org/chokidar 67ms (cache miss)
43 silly packumentCache full:https://registry.npmjs.org/chokidar set size:undefined disposed:false
44 silly fetch manifest dev-ip@^1.0.1
45 silly packumentCache full:https://registry.npmjs.org/dev-ip cache-miss
46 http fetch GET 200 https://registry.npmjs.org/connect 87ms (cache miss)
47 silly packumentCache full:https://registry.npmjs.org/connect set size:undefined disposed:false
48 silly fetch manifest easy-extender@^2.3.4
49 silly packumentCache full:https://registry.npmjs.org/easy-extender cache-miss
50 http fetch GET 200 https://registry.npmjs.org/connect-history-api-fallback 134ms (cache miss)
51 silly packumentCache full:https://registry.npmjs.org/connect-history-api-fallback set size:undefined disposed:false
52 silly fetch manifest eazy-logger@^4.1.0
53 silly packumentCache full:https://registry.npmjs.org/eazy-logger cache-miss
54 http fetch GET 200 https://registry.npmjs.org/dev-ip 118ms (cache miss)
55 silly packumentCache full:https://registry.npmjs.org/dev-ip set size:undefined disposed:false
56 silly fetch manifest etag@^1.8.1
57 silly packumentCache full:https://registry.npmjs.org/etag cache-miss
58 http fetch GET 200 https://registry.npmjs.org/etag 83ms (cache miss)
59 silly packumentCache full:https://registry.npmjs.org/etag set size:undefined disposed:false
60 silly fetch manifest fresh@^0.5.2
61 silly packumentCache full:https://registry.npmjs.org/fresh cache-miss
62 http fetch GET 200 https://registry.npmjs.org/easy-extender 186ms (cache miss)
63 silly packumentCache full:https://registry.npmjs.org/easy-extender set size:undefined disposed:false
64 silly fetch manifest fs-extra@3.0.1
65 silly packumentCache full:https://registry.npmjs.org/fs-extra cache-miss
66 http fetch GET 200 https://registry.npmjs.org/eazy-logger 142ms (cache miss)
67 silly packumentCache full:https://registry.npmjs.org/eazy-logger set size:undefined disposed:false
68 silly fetch manifest http-proxy@^1.18.1
69 silly packumentCache full:https://registry.npmjs.org/http-proxy cache-miss
70 http fetch GET 200 https://registry.npmjs.org/fresh 63ms (cache miss)
71 silly packumentCache full:https://registry.npmjs.org/fresh set size:undefined disposed:false
72 silly fetch manifest immutable@^3
73 silly packumentCache full:https://registry.npmjs.org/immutable cache-miss
74 http fetch GET 200 https://registry.npmjs.org/fs-extra 69ms (cache revalidated)
75 silly packumentCache full:https://registry.npmjs.org/fs-extra set size:232595 disposed:false
76 silly fetch manifest micromatch@^4.0.8
77 silly packumentCache full:https://registry.npmjs.org/micromatch cache-miss
78 http fetch GET 200 https://registry.npmjs.org/micromatch 85ms (cache miss)
79 silly packumentCache full:https://registry.npmjs.org/micromatch set size:undefined disposed:false
80 silly fetch manifest opn@5.3.0
81 silly packumentCache full:https://registry.npmjs.org/opn cache-miss
82 http fetch GET 200 https://registry.npmjs.org/immutable 108ms (cache miss)
83 silly packumentCache full:https://registry.npmjs.org/immutable set size:undefined disposed:false
84 silly fetch manifest portscanner@2.2.0
85 silly packumentCache full:https://registry.npmjs.org/portscanner cache-miss
86 http fetch GET 200 https://registry.npmjs.org/http-proxy 162ms (cache miss)
87 silly packumentCache full:https://registry.npmjs.org/http-proxy set size:undefined disposed:false
88 silly fetch manifest raw-body@^2.3.2
89 silly packumentCache full:https://registry.npmjs.org/raw-body cache-miss
90 http fetch GET 200 https://registry.npmjs.org/opn 166ms (cache miss)
91 silly packumentCache full:https://registry.npmjs.org/opn set size:undefined disposed:false
92 silly fetch manifest resp-modifier@6.0.2
93 silly packumentCache full:https://registry.npmjs.org/resp-modifier cache-miss
94 http fetch GET 200 https://registry.npmjs.org/portscanner 166ms (cache miss)
95 silly packumentCache full:https://registry.npmjs.org/portscanner set size:undefined disposed:false
96 silly fetch manifest rx@4.1.0
97 silly packumentCache full:https://registry.npmjs.org/rx cache-miss
98 http fetch GET 200 https://registry.npmjs.org/raw-body 168ms (cache miss)
99 silly packumentCache full:https://registry.npmjs.org/raw-body set size:undefined disposed:false
100 silly fetch manifest send@^0.19.0
101 silly packumentCache full:https://registry.npmjs.org/send cache-miss
102 http fetch GET 200 https://registry.npmjs.org/send 80ms (cache miss)
103 silly packumentCache full:https://registry.npmjs.org/send set size:undefined disposed:false
104 silly fetch manifest serve-index@^1.9.1
105 silly packumentCache full:https://registry.npmjs.org/serve-index cache-miss
106 http fetch GET 200 https://registry.npmjs.org/rx 201ms (cache miss)
107 silly packumentCache full:https://registry.npmjs.org/rx set size:undefined disposed:false
108 silly fetch manifest serve-static@^1.16.2
109 silly packumentCache full:https://registry.npmjs.org/serve-static cache-miss
110 http fetch GET 200 https://registry.npmjs.org/resp-modifier 239ms (cache miss)
111 silly packumentCache full:https://registry.npmjs.org/resp-modifier set size:undefined disposed:false
112 silly fetch manifest server-destroy@1.0.1
113 silly packumentCache full:https://registry.npmjs.org/server-destroy cache-miss
114 http fetch GET 200 https://registry.npmjs.org/serve-index 138ms (cache miss)
115 silly packumentCache full:https://registry.npmjs.org/serve-index set size:undefined disposed:false
116 silly fetch manifest socket.io@^4.4.1
117 silly packumentCache full:https://registry.npmjs.org/socket.io cache-miss
118 http fetch GET 200 https://registry.npmjs.org/serve-static 55ms (cache miss)
119 silly packumentCache full:https://registry.npmjs.org/serve-static set size:undefined disposed:false
120 silly fetch manifest ua-parser-js@^1.0.33
121 silly packumentCache full:https://registry.npmjs.org/ua-parser-js cache-miss
122 http fetch GET 200 https://registry.npmjs.org/socket.io 144ms (cache miss)
123 silly packumentCache full:https://registry.npmjs.org/socket.io set size:undefined disposed:false
124 silly fetch manifest yargs@^17.3.1
125 silly packumentCache full:https://registry.npmjs.org/yargs cache-miss
126 http fetch GET 200 https://registry.npmjs.org/ua-parser-js 142ms (cache miss)
127 silly packumentCache full:https://registry.npmjs.org/ua-parser-js set size:undefined disposed:false
128 http fetch GET 200 https://registry.npmjs.org/yargs 98ms (cache miss)
129 silly packumentCache full:https://registry.npmjs.org/yargs set size:undefined disposed:false
130 http fetch GET 200 https://registry.npmjs.org/server-destroy 293ms (cache miss)
131 silly packumentCache full:https://registry.npmjs.org/server-destroy set size:undefined disposed:false
132 silly placeDep ROOT browser-sync-client@3.0.4 OK for: browser-sync@3.0.4 want: ^3.0.4
133 silly placeDep ROOT browser-sync-ui@3.0.4 OK for: browser-sync@3.0.4 want: ^3.0.4
134 silly placeDep ROOT bs-recipes@1.3.4 OK for: browser-sync@3.0.4 want: 1.3.4
135 silly placeDep ROOT chalk@4.1.2 OK for: browser-sync@3.0.4 want: 4.1.2
136 silly placeDep ROOT chokidar@3.6.0 OK for: browser-sync@3.0.4 want: ^3.5.1
137 silly placeDep ROOT connect@3.6.6 OK for: browser-sync@3.0.4 want: 3.6.6
138 silly placeDep ROOT connect-history-api-fallback@1.6.0 OK for: browser-sync@3.0.4 want: ^1
139 silly placeDep ROOT dev-ip@1.0.1 OK for: browser-sync@3.0.4 want: ^1.0.1
140 silly placeDep ROOT easy-extender@2.3.4 OK for: browser-sync@3.0.4 want: ^2.3.4
141 silly placeDep ROOT eazy-logger@4.1.0 OK for: browser-sync@3.0.4 want: ^4.1.0
142 silly placeDep ROOT etag@1.8.1 OK for: browser-sync@3.0.4 want: ^1.8.1
143 silly placeDep ROOT fresh@0.5.2 OK for: browser-sync@3.0.4 want: ^0.5.2
144 silly placeDep ROOT fs-extra@3.0.1 OK for: browser-sync@3.0.4 want: 3.0.1
145 silly placeDep ROOT http-proxy@1.18.1 OK for: browser-sync@3.0.4 want: ^1.18.1
146 silly placeDep ROOT immutable@3.8.3 OK for: browser-sync@3.0.4 want: ^3
147 silly placeDep ROOT micromatch@4.0.8 OK for: browser-sync@3.0.4 want: ^4.0.8
148 silly placeDep ROOT opn@5.3.0 OK for: browser-sync@3.0.4 want: 5.3.0
149 silly placeDep ROOT portscanner@2.2.0 OK for: browser-sync@3.0.4 want: 2.2.0
150 silly placeDep ROOT raw-body@2.5.3 OK for: browser-sync@3.0.4 want: ^2.3.2
151 silly placeDep ROOT resp-modifier@6.0.2 OK for: browser-sync@3.0.4 want: 6.0.2
152 silly placeDep ROOT rx@4.1.0 OK for: browser-sync@3.0.4 want: 4.1.0
153 silly placeDep ROOT send@0.19.2 OK for: browser-sync@3.0.4 want: ^0.19.0
154 silly placeDep ROOT serve-index@1.9.2 OK for: browser-sync@3.0.4 want: ^1.9.1
155 silly placeDep ROOT serve-static@1.16.3 OK for: browser-sync@3.0.4 want: ^1.16.2
156 silly placeDep ROOT server-destroy@1.0.1 OK for: browser-sync@3.0.4 want: 1.0.1
157 silly placeDep ROOT socket.io@4.8.3 OK for: browser-sync@3.0.4 want: ^4.4.1
158 silly placeDep ROOT ua-parser-js@1.0.41 OK for: browser-sync@3.0.4 want: ^1.0.33
159 silly placeDep ROOT yargs@17.7.2 OK for: browser-sync@3.0.4 want: ^17.3.1
160 silly fetch manifest etag@1.8.1
161 silly packumentCache full:https://registry.npmjs.org/etag cache-miss
162 silly fetch manifest fresh@0.5.2
163 silly packumentCache full:https://registry.npmjs.org/fresh cache-miss
164 silly fetch manifest mitt@^1.1.3
165 silly packumentCache full:https://registry.npmjs.org/mitt cache-miss
166 http cache https://registry.npmjs.org/fresh 3ms (cache hit)
167 silly packumentCache full:https://registry.npmjs.org/fresh set size:25427 disposed:false
168 silly fetch manifest async-each-series@0.1.1
169 silly packumentCache full:https://registry.npmjs.org/async-each-series cache-miss
170 http cache https://registry.npmjs.org/etag 6ms (cache hit)
171 silly packumentCache full:https://registry.npmjs.org/etag set size:30032 disposed:false
172 silly fetch manifest socket.io-client@^4.4.1
173 silly packumentCache full:https://registry.npmjs.org/socket.io-client cache-miss
174 http fetch GET 200 https://registry.npmjs.org/mitt 52ms (cache miss)
175 silly packumentCache full:https://registry.npmjs.org/mitt set size:undefined disposed:false
176 silly fetch manifest stream-throttle@^0.1.3
177 silly packumentCache full:https://registry.npmjs.org/stream-throttle cache-miss
178 http fetch GET 200 https://registry.npmjs.org/socket.io-client 154ms (cache miss)
179 silly packumentCache full:https://registry.npmjs.org/socket.io-client set size:undefined disposed:false
180 silly fetch manifest ansi-styles@^4.1.0
181 silly packumentCache full:https://registry.npmjs.org/ansi-styles cache-miss
182 http fetch GET 200 https://registry.npmjs.org/stream-throttle 131ms (cache miss)
183 silly packumentCache full:https://registry.npmjs.org/stream-throttle set size:undefined disposed:false
184 silly fetch manifest supports-color@^7.1.0
185 silly packumentCache full:https://registry.npmjs.org/supports-color cache-miss
186 http fetch GET 200 https://registry.npmjs.org/async-each-series 186ms (cache miss)
187 silly packumentCache full:https://registry.npmjs.org/async-each-series set size:undefined disposed:false
188 silly fetch manifest braces@~3.0.2
189 silly packumentCache full:https://registry.npmjs.org/braces cache-miss
190 http fetch GET 200 https://registry.npmjs.org/ansi-styles 61ms (cache revalidated)
191 silly packumentCache full:https://registry.npmjs.org/ansi-styles set size:63233 disposed:false
192 silly fetch manifest is-glob@~4.0.1
193 silly packumentCache full:https://registry.npmjs.org/is-glob cache-miss
194 http fetch GET 200 https://registry.npmjs.org/supports-color 61ms (cache revalidated)
195 silly packumentCache full:https://registry.npmjs.org/supports-color set size:118680 disposed:false
196 silly fetch manifest anymatch@~3.1.2
197 silly packumentCache full:https://registry.npmjs.org/anymatch cache-miss
198 http fetch GET 200 https://registry.npmjs.org/braces 63ms (cache miss)
199 silly packumentCache full:https://registry.npmjs.org/braces set size:undefined disposed:false
200 silly fetch manifest readdirp@~3.6.0
201 silly packumentCache full:https://registry.npmjs.org/readdirp cache-miss
202 http fetch GET 200 https://registry.npmjs.org/is-glob 65ms (cache revalidated)
203 silly packumentCache full:https://registry.npmjs.org/is-glob set size:40530 disposed:false
204 silly fetch manifest glob-parent@~5.1.2
205 silly packumentCache full:https://registry.npmjs.org/glob-parent cache-miss
206 http fetch GET 200 https://registry.npmjs.org/readdirp 70ms (cache miss)
207 silly packumentCache full:https://registry.npmjs.org/readdirp set size:undefined disposed:false
208 silly fetch manifest is-binary-path@~2.1.0
209 silly packumentCache full:https://registry.npmjs.org/is-binary-path cache-miss
210 http fetch GET 200 https://registry.npmjs.org/anymatch 121ms (cache miss)
211 silly packumentCache full:https://registry.npmjs.org/anymatch set size:undefined disposed:false
212 silly fetch manifest normalize-path@~3.0.0
213 silly packumentCache full:https://registry.npmjs.org/normalize-path cache-miss
214 http fetch GET 200 https://registry.npmjs.org/glob-parent 87ms (cache miss)
215 silly packumentCache full:https://registry.npmjs.org/glob-parent set size:undefined disposed:false
216 silly fetch manifest fsevents@~2.3.2
217 silly packumentCache full:https://registry.npmjs.org/fsevents cache-miss
218 http fetch GET 200 https://registry.npmjs.org/is-binary-path 121ms (cache miss)
219 silly packumentCache full:https://registry.npmjs.org/is-binary-path set size:undefined disposed:false
220 silly fetch manifest debug@2.6.9
221 silly packumentCache full:https://registry.npmjs.org/debug cache-miss
222 http fetch GET 200 https://registry.npmjs.org/fsevents 74ms (cache revalidated)
223 silly packumentCache full:https://registry.npmjs.org/fsevents set size:182472 disposed:false
224 silly fetch manifest finalhandler@1.1.0
225 silly packumentCache full:https://registry.npmjs.org/finalhandler cache-miss
226 http fetch GET 200 https://registry.npmjs.org/normalize-path 114ms (cache miss)
227 silly packumentCache full:https://registry.npmjs.org/normalize-path set size:undefined disposed:false
228 silly fetch manifest parseurl@~1.3.2
229 silly packumentCache full:https://registry.npmjs.org/parseurl cache-miss
230 http fetch GET 200 https://registry.npmjs.org/debug 69ms (cache revalidated)
231 silly packumentCache full:https://registry.npmjs.org/debug set size:195840 disposed:false
232 silly fetch manifest utils-merge@1.0.1
233 silly packumentCache full:https://registry.npmjs.org/utils-merge cache-miss
234 http fetch GET 200 https://registry.npmjs.org/parseurl 56ms (cache miss)
235 silly packumentCache full:https://registry.npmjs.org/parseurl set size:undefined disposed:false
236 silly fetch manifest lodash@^4.17.10
237 silly packumentCache full:https://registry.npmjs.org/lodash cache-miss
238 http fetch GET 200 https://registry.npmjs.org/finalhandler 65ms (cache miss)
239 silly packumentCache full:https://registry.npmjs.org/finalhandler set size:undefined disposed:false
240 silly fetch manifest jsonfile@^3.0.0
241 silly packumentCache full:https://registry.npmjs.org/jsonfile cache-miss
242 http fetch GET 200 https://registry.npmjs.org/jsonfile 71ms (cache revalidated)
243 silly packumentCache full:https://registry.npmjs.org/jsonfile set size:51505 disposed:false
244 silly fetch manifest graceful-fs@^4.1.2
245 silly packumentCache full:https://registry.npmjs.org/graceful-fs cache-miss
246 http fetch GET 200 https://registry.npmjs.org/lodash 80ms (cache miss)
247 silly packumentCache full:https://registry.npmjs.org/lodash set size:undefined disposed:false
248 silly fetch manifest universalify@^0.1.0
249 silly packumentCache full:https://registry.npmjs.org/universalify cache-miss
250 http fetch GET 200 https://registry.npmjs.org/utils-merge 111ms (cache miss)
251 silly packumentCache full:https://registry.npmjs.org/utils-merge set size:undefined disposed:false
252 silly fetch manifest eventemitter3@^4.0.0
253 silly packumentCache full:https://registry.npmjs.org/eventemitter3 cache-miss
254 http fetch GET 200 https://registry.npmjs.org/graceful-fs 66ms (cache revalidated)
255 silly packumentCache full:https://registry.npmjs.org/graceful-fs set size:124285 disposed:false
256 silly fetch manifest requires-port@^1.0.0
257 silly packumentCache full:https://registry.npmjs.org/requires-port cache-miss
258 http fetch GET 200 https://registry.npmjs.org/universalify 65ms (cache revalidated)
259 silly packumentCache full:https://registry.npmjs.org/universalify set size:19431 disposed:false
260 silly fetch manifest follow-redirects@^1.0.0
261 silly packumentCache full:https://registry.npmjs.org/follow-redirects cache-miss
262 http fetch GET 200 https://registry.npmjs.org/requires-port 58ms (cache miss)
263 silly packumentCache full:https://registry.npmjs.org/requires-port set size:undefined disposed:false
264 silly fetch manifest braces@^3.0.3
265 silly packumentCache full:https://registry.npmjs.org/braces cache-miss
266 http cache https://registry.npmjs.org/braces 8ms (cache hit)
267 silly packumentCache full:https://registry.npmjs.org/braces set size:114529 disposed:false
268 silly fetch manifest picomatch@^2.3.1
269 silly packumentCache full:https://registry.npmjs.org/picomatch cache-miss
270 http fetch GET 200 https://registry.npmjs.org/follow-redirects 67ms (cache miss)
271 silly packumentCache full:https://registry.npmjs.org/follow-redirects set size:undefined disposed:false
272 silly fetch manifest is-wsl@^1.1.0
273 silly packumentCache full:https://registry.npmjs.org/is-wsl cache-miss
274 http fetch GET 200 https://registry.npmjs.org/eventemitter3 143ms (cache miss)
275 silly packumentCache full:https://registry.npmjs.org/eventemitter3 set size:undefined disposed:false
276 silly fetch manifest async@^2.6.0
277 silly packumentCache full:https://registry.npmjs.org/async cache-miss
278 http fetch GET 200 https://registry.npmjs.org/picomatch 57ms (cache revalidated)
279 silly packumentCache full:https://registry.npmjs.org/picomatch set size:118818 disposed:false
280 silly fetch manifest is-number-like@^1.0.3
281 silly packumentCache full:https://registry.npmjs.org/is-number-like cache-miss
282 http fetch GET 200 https://registry.npmjs.org/is-wsl 60ms (cache miss)
283 silly packumentCache full:https://registry.npmjs.org/is-wsl set size:undefined disposed:false
284 silly fetch manifest bytes@~3.1.2
285 silly packumentCache full:https://registry.npmjs.org/bytes cache-miss
286 http fetch GET 200 https://registry.npmjs.org/async 63ms (cache revalidated)
287 silly packumentCache full:https://registry.npmjs.org/async set size:230496 disposed:false
288 silly fetch manifest unpipe@~1.0.0
289 silly packumentCache full:https://registry.npmjs.org/unpipe cache-miss
290 http fetch GET 200 https://registry.npmjs.org/unpipe 104ms (cache miss)
291 silly packumentCache full:https://registry.npmjs.org/unpipe set size:undefined disposed:false
292 silly fetch manifest iconv-lite@~0.4.24
293 silly packumentCache full:https://registry.npmjs.org/iconv-lite cache-miss
294 http fetch GET 200 https://registry.npmjs.org/bytes 145ms (cache miss)
295 silly packumentCache full:https://registry.npmjs.org/bytes set size:undefined disposed:false
296 silly fetch manifest http-errors@~2.0.1
297 silly packumentCache full:https://registry.npmjs.org/http-errors cache-miss
298 http fetch GET 200 https://registry.npmjs.org/is-number-like 159ms (cache miss)
299 silly packumentCache full:https://registry.npmjs.org/is-number-like set size:undefined disposed:false
300 silly fetch manifest debug@^2.2.0
301 silly packumentCache full:https://registry.npmjs.org/debug cache-hit
302 silly fetch manifest minimatch@^3.0.2
303 silly packumentCache full:https://registry.npmjs.org/minimatch cache-miss
304 http fetch GET 200 https://registry.npmjs.org/http-errors 63ms (cache miss)
305 silly packumentCache full:https://registry.npmjs.org/http-errors set size:undefined disposed:false
306 silly fetch manifest ms@2.1.3
307 silly packumentCache full:https://registry.npmjs.org/ms cache-miss
308 http fetch GET 200 https://registry.npmjs.org/minimatch 66ms (cache revalidated)
309 silly packumentCache full:https://registry.npmjs.org/minimatch set size:352359 disposed:false
310 silly fetch manifest depd@2.0.0
311 silly packumentCache full:https://registry.npmjs.org/depd cache-miss
312 http fetch GET 200 https://registry.npmjs.org/iconv-lite 121ms (cache miss)
313 silly packumentCache full:https://registry.npmjs.org/iconv-lite set size:undefined disposed:false
314 silly fetch manifest mime@1.6.0
315 silly packumentCache full:https://registry.npmjs.org/mime cache-miss
316 http fetch GET 200 https://registry.npmjs.org/ms 76ms (cache revalidated)
317 silly packumentCache full:https://registry.npmjs.org/ms set size:92208 disposed:false
318 silly fetch manifest destroy@1.2.0
319 silly packumentCache full:https://registry.npmjs.org/destroy cache-miss
320 http fetch GET 200 https://registry.npmjs.org/depd 78ms (cache miss)
321 silly packumentCache full:https://registry.npmjs.org/depd set size:undefined disposed:false
322 silly fetch manifest statuses@~2.0.2
323 silly packumentCache full:https://registry.npmjs.org/statuses cache-miss
324 http fetch GET 200 https://registry.npmjs.org/mime 68ms (cache miss)
325 silly packumentCache full:https://registry.npmjs.org/mime set size:undefined disposed:false
326 silly fetch manifest encodeurl@~2.0.0
327 silly packumentCache full:https://registry.npmjs.org/encodeurl cache-miss
328 http fetch GET 200 https://registry.npmjs.org/destroy 67ms (cache miss)
329 silly packumentCache full:https://registry.npmjs.org/destroy set size:undefined disposed:false
330 silly fetch manifest escape-html@~1.0.3
331 silly packumentCache full:https://registry.npmjs.org/escape-html cache-miss
332 http fetch GET 200 https://registry.npmjs.org/statuses 75ms (cache miss)
333 silly packumentCache full:https://registry.npmjs.org/statuses set size:undefined disposed:false
334 silly fetch manifest on-finished@~2.4.1
335 silly packumentCache full:https://registry.npmjs.org/on-finished cache-miss
336 http fetch GET 200 https://registry.npmjs.org/encodeurl 75ms (cache miss)
337 silly packumentCache full:https://registry.npmjs.org/encodeurl set size:undefined disposed:false
338 silly fetch manifest range-parser@~1.2.1
339 silly packumentCache full:https://registry.npmjs.org/range-parser cache-miss
340 http fetch GET 200 https://registry.npmjs.org/escape-html 67ms (cache miss)
341 silly packumentCache full:https://registry.npmjs.org/escape-html set size:undefined disposed:false
342 silly fetch manifest accepts@~1.3.8
343 silly packumentCache full:https://registry.npmjs.org/accepts cache-miss
344 http fetch GET 200 https://registry.npmjs.org/on-finished 52ms (cache miss)
345 silly packumentCache full:https://registry.npmjs.org/on-finished set size:undefined disposed:false
346 silly fetch manifest batch@0.6.1
347 silly packumentCache full:https://registry.npmjs.org/batch cache-miss
348 http fetch GET 200 https://registry.npmjs.org/range-parser 66ms (cache miss)
349 silly packumentCache full:https://registry.npmjs.org/range-parser set size:undefined disposed:false
350 silly fetch manifest http-errors@~1.8.0
351 silly packumentCache full:https://registry.npmjs.org/http-errors cache-miss
352 http cache https://registry.npmjs.org/http-errors 7ms (cache hit)
353 silly packumentCache full:https://registry.npmjs.org/http-errors set size:71987 disposed:false
354 silly fetch manifest mime-types@~2.1.35
355 silly packumentCache full:https://registry.npmjs.org/mime-types cache-miss
356 http fetch GET 200 https://registry.npmjs.org/accepts 76ms (cache miss)
357 silly packumentCache full:https://registry.npmjs.org/accepts set size:undefined disposed:false
358 silly fetch manifest parseurl@~1.3.3
359 silly packumentCache full:https://registry.npmjs.org/parseurl cache-miss
360 http cache https://registry.npmjs.org/parseurl 2ms (cache hit)
361 silly packumentCache full:https://registry.npmjs.org/parseurl set size:24148 disposed:false
362 silly fetch manifest accepts@~1.3.4
363 silly packumentCache full:https://registry.npmjs.org/accepts cache-miss
364 http cache https://registry.npmjs.org/accepts 2ms (cache hit)
365 silly packumentCache full:https://registry.npmjs.org/accepts set size:77054 disposed:false
366 silly fetch manifest base64id@~2.0.0
367 silly packumentCache full:https://registry.npmjs.org/base64id cache-miss
368 http fetch GET 200 https://registry.npmjs.org/batch 131ms (cache miss)
369 silly packumentCache full:https://registry.npmjs.org/batch set size:undefined disposed:false
370 silly fetch manifest cors@~2.8.5
371 silly packumentCache full:https://registry.npmjs.org/cors cache-miss
372 http fetch GET 200 https://registry.npmjs.org/mime-types 127ms (cache miss)
373 silly packumentCache full:https://registry.npmjs.org/mime-types set size:undefined disposed:false
374 silly fetch manifest debug@~4.4.1
375 silly packumentCache full:https://registry.npmjs.org/debug cache-hit
376 silly fetch manifest engine.io@~6.6.0
377 silly packumentCache full:https://registry.npmjs.org/engine.io cache-miss
378 http fetch GET 200 https://registry.npmjs.org/base64id 131ms (cache miss)
379 silly packumentCache full:https://registry.npmjs.org/base64id set size:undefined disposed:false
380 silly fetch manifest socket.io-adapter@~2.5.2
381 silly packumentCache full:https://registry.npmjs.org/socket.io-adapter cache-miss
382 http fetch GET 200 https://registry.npmjs.org/cors 70ms (cache miss)
383 silly packumentCache full:https://registry.npmjs.org/cors set size:undefined disposed:false
384 silly fetch manifest socket.io-parser@~4.2.4
385 silly packumentCache full:https://registry.npmjs.org/socket.io-parser cache-miss
386 http fetch GET 200 https://registry.npmjs.org/socket.io-parser 144ms (cache miss)
387 silly packumentCache full:https://registry.npmjs.org/socket.io-parser set size:undefined disposed:false
388 silly fetch manifest y18n@^5.0.5
389 silly packumentCache full:https://registry.npmjs.org/y18n cache-miss
390 http fetch GET 200 https://registry.npmjs.org/socket.io-adapter 161ms (cache miss)
391 silly packumentCache full:https://registry.npmjs.org/socket.io-adapter set size:undefined disposed:false
392 silly fetch manifest cliui@^8.0.1
393 silly packumentCache full:https://registry.npmjs.org/cliui cache-miss
394 http fetch GET 200 https://registry.npmjs.org/engine.io 229ms (cache miss)
395 silly packumentCache full:https://registry.npmjs.org/engine.io set size:undefined disposed:false
396 silly fetch manifest escalade@^3.1.1
397 silly packumentCache full:https://registry.npmjs.org/escalade cache-miss
398 http fetch GET 200 https://registry.npmjs.org/cliui 78ms (cache miss)
399 silly packumentCache full:https://registry.npmjs.org/cliui set size:undefined disposed:false
400 silly fetch manifest string-width@^4.2.3
401 silly packumentCache full:https://registry.npmjs.org/string-width cache-miss
402 http fetch GET 200 https://registry.npmjs.org/escalade 64ms (cache miss)
403 silly packumentCache full:https://registry.npmjs.org/escalade set size:undefined disposed:false
404 silly fetch manifest yargs-parser@^21.1.1
405 silly packumentCache full:https://registry.npmjs.org/yargs-parser cache-miss
406 http fetch GET 200 https://registry.npmjs.org/y18n 137ms (cache miss)
407 silly packumentCache full:https://registry.npmjs.org/y18n set size:undefined disposed:false
408 silly fetch manifest get-caller-file@^2.0.5
409 silly packumentCache full:https://registry.npmjs.org/get-caller-file cache-miss
410 http fetch GET 200 https://registry.npmjs.org/string-width 63ms (cache miss)
411 silly packumentCache full:https://registry.npmjs.org/string-width set size:undefined disposed:false
412 silly fetch manifest require-directory@^2.1.1
413 silly packumentCache full:https://registry.npmjs.org/require-directory cache-miss
414 http fetch GET 200 https://registry.npmjs.org/get-caller-file 71ms (cache miss)
415 silly packumentCache full:https://registry.npmjs.org/get-caller-file set size:undefined disposed:false
416 http fetch GET 200 https://registry.npmjs.org/yargs-parser 84ms (cache miss)
417 silly packumentCache full:https://registry.npmjs.org/yargs-parser set size:undefined disposed:false
418 http fetch GET 200 https://registry.npmjs.org/require-directory 75ms (cache miss)
419 silly packumentCache full:https://registry.npmjs.org/require-directory set size:undefined disposed:false
420 silly placeDep ROOT mitt@1.2.0 OK for: browser-sync-client@3.0.4 want: ^1.1.3
421 silly placeDep ROOT async-each-series@0.1.1 OK for: browser-sync-ui@3.0.4 want: 0.1.1
422 silly placeDep ROOT socket.io-client@4.8.3 OK for: browser-sync-ui@3.0.4 want: ^4.4.1
423 silly placeDep ROOT stream-throttle@0.1.3 OK for: browser-sync-ui@3.0.4 want: ^0.1.3
424 silly fetch manifest @socket.io/component-emitter@~3.1.0
425 silly packumentCache full:https://registry.npmjs.org/@socket.io%2fcomponent-emitter cache-miss
426 silly fetch manifest engine.io-client@~6.6.1
427 silly packumentCache full:https://registry.npmjs.org/engine.io-client cache-miss
428 silly fetch manifest commander@^2.2.0
429 silly packumentCache full:https://registry.npmjs.org/commander cache-miss
430 http fetch GET 200 https://registry.npmjs.org/commander 154ms (cache revalidated)
431 silly packumentCache full:https://registry.npmjs.org/commander set size:306325 disposed:false
432 silly fetch manifest limiter@^1.0.5
433 silly packumentCache full:https://registry.npmjs.org/limiter cache-miss
434 http fetch GET 200 https://registry.npmjs.org/@socket.io%2fcomponent-emitter 222ms (cache miss)
435 silly packumentCache full:https://registry.npmjs.org/@socket.io%2fcomponent-emitter set size:undefined disposed:false
436 http fetch GET 200 https://registry.npmjs.org/engine.io-client 233ms (cache miss)
437 silly packumentCache full:https://registry.npmjs.org/engine.io-client set size:undefined disposed:false
438 http fetch GET 200 https://registry.npmjs.org/limiter 155ms (cache miss)
439 silly packumentCache full:https://registry.npmjs.org/limiter set size:undefined disposed:false
440 silly placeDep ROOT ansi-styles@4.3.0 OK for: chalk@4.1.2 want: ^4.1.0
441 silly placeDep ROOT supports-color@7.2.0 OK for: chalk@4.1.2 want: ^7.1.0
442 silly fetch manifest color-convert@^2.0.1
443 silly packumentCache full:https://registry.npmjs.org/color-convert cache-miss
444 silly fetch manifest has-flag@^4.0.0
445 silly packumentCache full:https://registry.npmjs.org/has-flag cache-miss
446 http fetch GET 200 https://registry.npmjs.org/color-convert 60ms (cache revalidated)
447 silly packumentCache full:https://registry.npmjs.org/color-convert set size:72663 disposed:false
448 http fetch GET 200 https://registry.npmjs.org/has-flag 62ms (cache revalidated)
449 silly packumentCache full:https://registry.npmjs.org/has-flag set size:15180 disposed:false
450 silly placeDep ROOT color-convert@2.0.1 OK for: ansi-styles@4.3.0 want: ^2.0.1
451 silly fetch manifest color-name@~1.1.4
452 silly packumentCache full:https://registry.npmjs.org/color-name cache-miss
453 http fetch GET 200 https://registry.npmjs.org/color-name 61ms (cache revalidated)
454 silly packumentCache full:https://registry.npmjs.org/color-name set size:19467 disposed:false
455 silly placeDep ROOT anymatch@3.1.3 OK for: chokidar@3.6.0 want: ~3.1.2
456 silly placeDep ROOT braces@3.0.3 OK for: chokidar@3.6.0 want: ~3.0.2
457 silly placeDep ROOT fsevents@2.3.3 OK for: chokidar@3.6.0 want: ~2.3.2
458 silly placeDep ROOT glob-parent@5.1.2 OK for: chokidar@3.6.0 want: ~5.1.2
459 silly placeDep ROOT is-binary-path@2.1.0 OK for: chokidar@3.6.0 want: ~2.1.0
460 silly placeDep ROOT is-glob@4.0.3 OK for: chokidar@3.6.0 want: ~4.0.1
461 silly placeDep ROOT normalize-path@3.0.0 OK for: chokidar@3.6.0 want: ~3.0.0
462 silly placeDep ROOT readdirp@3.6.0 OK for: chokidar@3.6.0 want: ~3.6.0
463 silly fetch manifest picomatch@^2.0.4
464 silly packumentCache full:https://registry.npmjs.org/picomatch cache-hit
465 silly fetch manifest normalize-path@^3.0.0
466 silly packumentCache full:https://registry.npmjs.org/normalize-path cache-miss
467 silly fetch manifest fill-range@^7.1.1
468 silly packumentCache full:https://registry.npmjs.org/fill-range cache-miss
469 silly fetch manifest is-glob@^4.0.1
470 silly packumentCache full:https://registry.npmjs.org/is-glob cache-hit
471 silly fetch manifest binary-extensions@^2.0.0
472 silly packumentCache full:https://registry.npmjs.org/binary-extensions cache-miss
473 http cache https://registry.npmjs.org/normalize-path 7ms (cache hit)
474 silly packumentCache full:https://registry.npmjs.org/normalize-path set size:28713 disposed:false
475 silly fetch manifest is-extglob@^2.1.1
476 silly packumentCache full:https://registry.npmjs.org/is-extglob cache-miss
477 http fetch GET 200 https://registry.npmjs.org/is-extglob 52ms (cache revalidated)
478 silly packumentCache full:https://registry.npmjs.org/is-extglob set size:11766 disposed:false
479 silly fetch manifest picomatch@^2.2.1
480 silly packumentCache full:https://registry.npmjs.org/picomatch cache-hit
481 http fetch GET 200 https://registry.npmjs.org/fill-range 62ms (cache miss)
482 silly packumentCache full:https://registry.npmjs.org/fill-range set size:undefined disposed:false
483 http fetch GET 200 https://registry.npmjs.org/binary-extensions 174ms (cache miss)
484 silly packumentCache full:https://registry.npmjs.org/binary-extensions set size:undefined disposed:false
485 silly placeDep ROOT picomatch@2.3.1 OK for: anymatch@3.1.3 want: ^2.0.4
486 silly placeDep ROOT fill-range@7.1.1 OK for: braces@3.0.3 want: ^7.1.1
487 silly fetch manifest to-regex-range@^5.0.1
488 silly packumentCache full:https://registry.npmjs.org/to-regex-range cache-miss
489 http fetch GET 200 https://registry.npmjs.org/to-regex-range 98ms (cache miss)
490 silly packumentCache full:https://registry.npmjs.org/to-regex-range set size:undefined disposed:false
491 silly placeDep ROOT color-name@1.1.4 OK for: color-convert@2.0.1 want: ~1.1.4
492 silly placeDep ROOT debug@2.6.9 OK for: connect@3.6.6 want: 2.6.9
493 silly placeDep ROOT finalhandler@1.1.0 OK for: connect@3.6.6 want: 1.1.0
494 silly placeDep ROOT parseurl@1.3.3 OK for: connect@3.6.6 want: ~1.3.2
495 silly placeDep ROOT utils-merge@1.0.1 OK for: connect@3.6.6 want: 1.0.1
496 silly fetch manifest ms@2.0.0
497 silly packumentCache full:https://registry.npmjs.org/ms cache-hit
498 silly fetch manifest statuses@~1.3.1
499 silly packumentCache full:https://registry.npmjs.org/statuses cache-miss
500 silly fetch manifest encodeurl@~1.0.1
501 silly packumentCache full:https://registry.npmjs.org/encodeurl cache-miss
502 silly fetch manifest on-finished@~2.3.0
503 silly packumentCache full:https://registry.npmjs.org/on-finished cache-miss
504 http cache https://registry.npmjs.org/statuses 6ms (cache hit)
505 silly packumentCache full:https://registry.npmjs.org/statuses set size:37117 disposed:false
506 http cache https://registry.npmjs.org/on-finished 6ms (cache hit)
507 silly packumentCache full:https://registry.npmjs.org/on-finished set size:23212 disposed:false
508 http cache https://registry.npmjs.org/encodeurl 8ms (cache hit)
509 silly packumentCache full:https://registry.npmjs.org/encodeurl set size:12296 disposed:false
510 silly placeDep ROOT ms@2.0.0 OK for: debug@2.6.9 want: 2.0.0
511 silly placeDep ROOT lodash@4.17.23 OK for: easy-extender@2.3.4 want: ^4.17.10
512 silly placeDep ROOT to-regex-range@5.0.1 OK for: fill-range@7.1.1 want: ^5.0.1
513 silly fetch manifest is-number@^7.0.0
514 silly packumentCache full:https://registry.npmjs.org/is-number cache-miss
515 http fetch GET 200 https://registry.npmjs.org/is-number 71ms (cache miss)
516 silly packumentCache full:https://registry.npmjs.org/is-number set size:undefined disposed:false
517 silly placeDep ROOT encodeurl@1.0.2 OK for: finalhandler@1.1.0 want: ~1.0.1
518 silly placeDep ROOT escape-html@1.0.3 OK for: finalhandler@1.1.0 want: ~1.0.3
519 silly placeDep ROOT on-finished@2.3.0 OK for: finalhandler@1.1.0 want: ~2.3.0
520 silly placeDep ROOT statuses@1.3.1 OK for: finalhandler@1.1.0 want: ~1.3.1
521 silly placeDep ROOT unpipe@1.0.0 OK for: finalhandler@1.1.0 want: ~1.0.0
522 silly fetch manifest ee-first@1.1.1
523 silly packumentCache full:https://registry.npmjs.org/ee-first cache-miss
524 http fetch GET 200 https://registry.npmjs.org/ee-first 58ms (cache miss)
525 silly packumentCache full:https://registry.npmjs.org/ee-first set size:undefined disposed:false
526 silly placeDep ROOT graceful-fs@4.2.11 OK for: fs-extra@3.0.1 want: ^4.1.2
527 silly placeDep ROOT jsonfile@3.0.1 OK for: fs-extra@3.0.1 want: ^3.0.0
528 silly placeDep ROOT universalify@0.1.2 OK for: fs-extra@3.0.1 want: ^0.1.0
529 silly placeDep ROOT eventemitter3@4.0.7 OK for: http-proxy@1.18.1 want: ^4.0.0
530 silly placeDep ROOT follow-redirects@1.15.11 OK for: http-proxy@1.18.1 want: ^1.0.0
531 silly placeDep ROOT requires-port@1.0.0 OK for: http-proxy@1.18.1 want: ^1.0.0
532 silly placeDep ROOT binary-extensions@2.3.0 OK for: is-binary-path@2.1.0 want: ^2.0.0
533 silly placeDep ROOT is-extglob@2.1.1 OK for: is-glob@4.0.3 want: ^2.1.1
534 silly placeDep ROOT ee-first@1.1.1 OK for: on-finished@2.3.0 want: 1.1.1
535 silly placeDep ROOT is-wsl@1.1.0 OK for: opn@5.3.0 want: ^1.1.0
536 silly placeDep ROOT async@2.6.4 OK for: portscanner@2.2.0 want: ^2.6.0
537 silly placeDep ROOT is-number-like@1.0.8 OK for: portscanner@2.2.0 want: ^1.0.3
538 silly fetch manifest lodash.isfinite@^3.3.2
539 silly packumentCache full:https://registry.npmjs.org/lodash.isfinite cache-miss
540 http fetch GET 200 https://registry.npmjs.org/lodash.isfinite 137ms (cache miss)
541 silly packumentCache full:https://registry.npmjs.org/lodash.isfinite set size:undefined disposed:false
542 silly placeDep ROOT lodash.isfinite@3.3.2 OK for: is-number-like@1.0.8 want: ^3.3.2
543 silly placeDep ROOT bytes@3.1.2 OK for: raw-body@2.5.3 want: ~3.1.2
544 silly placeDep ROOT http-errors@2.0.1 OK for: raw-body@2.5.3 want: ~2.0.1
545 silly placeDep ROOT iconv-lite@0.4.24 OK for: raw-body@2.5.3 want: ~0.4.24
546 silly fetch manifest depd@~2.0.0
547 silly packumentCache full:https://registry.npmjs.org/depd cache-miss
548 silly fetch manifest inherits@~2.0.4
549 silly packumentCache full:https://registry.npmjs.org/inherits cache-miss
550 silly fetch manifest setprototypeof@~1.2.0
551 silly packumentCache full:https://registry.npmjs.org/setprototypeof cache-miss
552 http cache https://registry.npmjs.org/depd 8ms (cache hit)
553 silly packumentCache full:https://registry.npmjs.org/depd set size:40182 disposed:false
554 silly fetch manifest toidentifier@~1.0.1
555 silly packumentCache full:https://registry.npmjs.org/toidentifier cache-miss
556 http fetch GET 200 https://registry.npmjs.org/setprototypeof 56ms (cache miss)
557 silly packumentCache full:https://registry.npmjs.org/setprototypeof set size:undefined disposed:false
558 silly fetch manifest safer-buffer@>= 2.1.2 < 3
559 silly packumentCache full:https://registry.npmjs.org/safer-buffer cache-miss
560 http fetch GET 200 https://registry.npmjs.org/inherits 66ms (cache miss)
561 silly packumentCache full:https://registry.npmjs.org/inherits set size:undefined disposed:false
562 http fetch GET 200 https://registry.npmjs.org/toidentifier 124ms (cache miss)
563 silly packumentCache full:https://registry.npmjs.org/toidentifier set size:undefined disposed:false
564 http fetch GET 200 https://registry.npmjs.org/safer-buffer 132ms (cache miss)
565 silly packumentCache full:https://registry.npmjs.org/safer-buffer set size:undefined disposed:false
566 silly placeDep ROOT depd@2.0.0 OK for: http-errors@2.0.1 want: ~2.0.0
567 silly placeDep ROOT inherits@2.0.4 OK for: http-errors@2.0.1 want: ~2.0.4
568 silly placeDep ROOT setprototypeof@1.2.0 OK for: http-errors@2.0.1 want: ~1.2.0
569 silly placeDep node_modules/http-errors statuses@2.0.2 OK for: http-errors@2.0.1 want: ~2.0.2
570 silly placeDep ROOT toidentifier@1.0.1 OK for: http-errors@2.0.1 want: ~1.0.1
571 silly placeDep ROOT safer-buffer@2.1.2 OK for: iconv-lite@0.4.24 want: >= 2.1.2 < 3
572 silly placeDep ROOT minimatch@3.1.5 OK for: resp-modifier@6.0.2 want: ^3.0.2
573 silly fetch manifest brace-expansion@^1.1.7
574 silly packumentCache full:https://registry.npmjs.org/brace-expansion cache-miss
575 http fetch GET 200 https://registry.npmjs.org/brace-expansion 62ms (cache revalidated)
576 silly packumentCache full:https://registry.npmjs.org/brace-expansion set size:55744 disposed:false
577 silly placeDep ROOT brace-expansion@1.1.12 OK for: minimatch@3.1.5 want: ^1.1.7
578 silly fetch manifest concat-map@0.0.1
579 silly packumentCache full:https://registry.npmjs.org/concat-map cache-miss
580 silly fetch manifest balanced-match@^1.0.0
581 silly packumentCache full:https://registry.npmjs.org/balanced-match cache-miss
582 http fetch GET 200 https://registry.npmjs.org/concat-map 63ms (cache miss)
583 silly packumentCache full:https://registry.npmjs.org/concat-map set size:undefined disposed:false
584 http fetch GET 200 https://registry.npmjs.org/balanced-match 74ms (cache revalidated)
585 silly packumentCache full:https://registry.npmjs.org/balanced-match set size:39082 disposed:false
586 silly placeDep ROOT balanced-match@1.0.2 OK for: brace-expansion@1.1.12 want: ^1.0.0
587 silly placeDep ROOT concat-map@0.0.1 OK for: brace-expansion@1.1.12 want: 0.0.1
588 silly placeDep ROOT destroy@1.2.0 OK for: send@0.19.2 want: 1.2.0
589 silly placeDep node_modules/send encodeurl@2.0.0 OK for: send@0.19.2 want: ~2.0.0
590 silly placeDep ROOT mime@1.6.0 OK for: send@0.19.2 want: 1.6.0
591 silly placeDep node_modules/send ms@2.1.3 OK for: send@0.19.2 want: 2.1.3
592 silly placeDep node_modules/send on-finished@2.4.1 OK for: send@0.19.2 want: ~2.4.1
593 silly placeDep ROOT range-parser@1.2.1 OK for: send@0.19.2 want: ~1.2.1
594 silly placeDep node_modules/send statuses@2.0.2 OK for: send@0.19.2 want: ~2.0.2
595 silly placeDep ROOT accepts@1.3.8 OK for: serve-index@1.9.2 want: ~1.3.8
596 silly placeDep ROOT batch@0.6.1 OK for: serve-index@1.9.2 want: 0.6.1
597 silly placeDep node_modules/serve-index http-errors@1.8.1 OK for: serve-index@1.9.2 want: ~1.8.0
598 silly placeDep ROOT mime-types@2.1.35 OK for: serve-index@1.9.2 want: ~2.1.35
599 silly fetch manifest mime-types@~2.1.34
600 silly packumentCache full:https://registry.npmjs.org/mime-types cache-miss
601 silly fetch manifest negotiator@0.6.3
602 silly packumentCache full:https://registry.npmjs.org/negotiator cache-miss
603 silly fetch manifest depd@~1.1.2
604 silly packumentCache full:https://registry.npmjs.org/depd cache-hit
605 silly fetch manifest statuses@>= 1.5.0 < 2
606 silly packumentCache full:https://registry.npmjs.org/statuses cache-hit
607 silly fetch manifest mime-db@1.52.0
608 silly packumentCache full:https://registry.npmjs.org/mime-db cache-miss
609 http cache https://registry.npmjs.org/mime-types 5ms (cache hit)
610 silly packumentCache full:https://registry.npmjs.org/mime-types set size:139110 disposed:false
611 http fetch GET 200 https://registry.npmjs.org/negotiator 60ms (cache miss)
612 silly packumentCache full:https://registry.npmjs.org/negotiator set size:undefined disposed:false
613 http fetch GET 200 https://registry.npmjs.org/mime-db 61ms (cache miss)
614 silly packumentCache full:https://registry.npmjs.org/mime-db set size:undefined disposed:false
615 silly placeDep ROOT negotiator@0.6.3 OK for: accepts@1.3.8 want: 0.6.3
616 silly placeDep ROOT mime-db@1.52.0 OK for: mime-types@2.1.35 want: 1.52.0
617 silly placeDep node_modules/serve-static encodeurl@2.0.0 OK for: serve-static@1.16.3 want: ~2.0.0
618 silly placeDep ROOT base64id@2.0.0 OK for: socket.io@4.8.3 want: ~2.0.0
619 silly placeDep ROOT cors@2.8.6 OK for: socket.io@4.8.3 want: ~2.8.5
620 silly placeDep node_modules/socket.io debug@4.4.3 OK for: socket.io@4.8.3 want: ~4.4.1
621 silly placeDep ROOT engine.io@6.6.6 OK for: socket.io@4.8.3 want: ~6.6.0
622 silly placeDep ROOT socket.io-adapter@2.5.6 OK for: socket.io@4.8.3 want: ~2.5.2
623 silly placeDep ROOT socket.io-parser@4.2.5 OK for: socket.io@4.8.3 want: ~4.2.4
624 silly fetch manifest object-assign@^4
625 silly packumentCache full:https://registry.npmjs.org/object-assign cache-miss
626 silly fetch manifest vary@^1
627 silly packumentCache full:https://registry.npmjs.org/vary cache-miss
628 silly fetch manifest ms@^2.1.3
629 silly packumentCache full:https://registry.npmjs.org/ms cache-hit
630 silly fetch manifest @types/cors@^2.8.12
631 silly packumentCache full:https://registry.npmjs.org/@types%2fcors cache-miss
632 http fetch GET 200 https://registry.npmjs.org/vary 61ms (cache miss)
633 silly packumentCache full:https://registry.npmjs.org/vary set size:undefined disposed:false
634 silly fetch manifest @types/node@>=10.0.0
635 silly packumentCache full:https://registry.npmjs.org/@types%2fnode cache-miss
636 http fetch GET 200 https://registry.npmjs.org/object-assign 157ms (cache miss)
637 silly packumentCache full:https://registry.npmjs.org/object-assign set size:undefined disposed:false
638 silly fetch manifest @types/ws@^8.5.12
639 silly packumentCache full:https://registry.npmjs.org/@types%2fws cache-miss
640 http fetch GET 200 https://registry.npmjs.org/@types%2fcors 241ms (cache miss)
641 silly packumentCache full:https://registry.npmjs.org/@types%2fcors set size:undefined disposed:false
642 silly fetch manifest cookie@~0.7.2
643 silly packumentCache full:https://registry.npmjs.org/cookie cache-miss
644 http fetch GET 200 https://registry.npmjs.org/cookie 88ms (cache miss)
645 silly packumentCache full:https://registry.npmjs.org/cookie set size:undefined disposed:false
646 silly fetch manifest engine.io-parser@~5.2.1
647 silly packumentCache full:https://registry.npmjs.org/engine.io-parser cache-miss
648 http fetch GET 200 https://registry.npmjs.org/@types%2fws 189ms (cache miss)
649 silly packumentCache full:https://registry.npmjs.org/@types%2fws set size:undefined disposed:false
650 silly fetch manifest ws@~8.18.3
651 silly packumentCache full:https://registry.npmjs.org/ws cache-miss
652 http fetch GET 200 https://registry.npmjs.org/@types%2fnode 331ms (cache miss)
653 silly packumentCache full:https://registry.npmjs.org/@types%2fnode set size:undefined disposed:false
654 silly fetch manifest ws@~8.18.3
655 silly packumentCache full:https://registry.npmjs.org/ws cache-miss
656 http fetch GET 200 https://registry.npmjs.org/engine.io-parser 151ms (cache miss)
657 silly packumentCache full:https://registry.npmjs.org/engine.io-parser set size:undefined disposed:false
658 http fetch GET 200 https://registry.npmjs.org/ws 140ms (cache miss)
659 silly packumentCache full:https://registry.npmjs.org/ws set size:undefined disposed:false
660 http fetch GET 200 https://registry.npmjs.org/ws 68ms (cache miss)
661 silly packumentCache full:https://registry.npmjs.org/ws set size:undefined disposed:false
662 silly placeDep ROOT object-assign@4.1.1 OK for: cors@2.8.6 want: ^4
663 silly placeDep ROOT vary@1.1.2 OK for: cors@2.8.6 want: ^1
664 silly fetch manifest bufferutil@^4.0.1
665 silly packumentCache full:https://registry.npmjs.org/bufferutil cache-miss
666 http fetch GET 200 https://registry.npmjs.org/bufferutil 67ms (cache miss)
667 silly packumentCache full:https://registry.npmjs.org/bufferutil set size:undefined disposed:false
668 silly fetch manifest utf-8-validate@>=5.0.2
669 silly packumentCache full:https://registry.npmjs.org/utf-8-validate cache-miss
670 http fetch GET 200 https://registry.npmjs.org/utf-8-validate 65ms (cache miss)
671 silly packumentCache full:https://registry.npmjs.org/utf-8-validate set size:undefined disposed:false
672 silly placeDep ROOT @types/cors@2.8.19 OK for: engine.io@6.6.6 want: ^2.8.12
673 silly placeDep ROOT @types/node@25.4.0 OK for: engine.io@6.6.6 want: >=10.0.0
674 silly placeDep ROOT @types/ws@8.18.1 OK for: engine.io@6.6.6 want: ^8.5.12
675 silly placeDep ROOT cookie@0.7.2 OK for: engine.io@6.6.6 want: ~0.7.2
676 silly placeDep node_modules/engine.io debug@4.4.3 OK for: engine.io@6.6.6 want: ~4.4.1
677 silly placeDep ROOT engine.io-parser@5.2.3 OK for: engine.io@6.6.6 want: ~5.2.1
678 silly placeDep ROOT ws@8.18.3 OK for: engine.io@6.6.6 want: ~8.18.3
679 silly fetch manifest @types/node@*
680 silly packumentCache full:https://registry.npmjs.org/@types%2fnode cache-miss
681 silly fetch manifest undici-types@~7.18.0
682 silly packumentCache full:https://registry.npmjs.org/undici-types cache-miss
683 http cache https://registry.npmjs.org/@types%2fnode 28ms (cache hit)
684 silly packumentCache full:https://registry.npmjs.org/@types%2fnode set size:10936308 disposed:false
685 http fetch GET 200 https://registry.npmjs.org/undici-types 333ms (cache miss)
686 silly packumentCache full:https://registry.npmjs.org/undici-types set size:undefined disposed:false
687 silly placeDep ROOT undici-types@7.18.2 OK for: @types/node@25.4.0 want: ~7.18.0
688 silly placeDep node_modules/socket.io-adapter debug@4.4.3 OK for: socket.io-adapter@2.5.6 want: ~4.4.1
689 silly placeDep ROOT @socket.io/component-emitter@3.1.2 OK for: socket.io-client@4.8.3 want: ~3.1.0
690 silly placeDep node_modules/socket.io-client debug@4.4.3 OK for: socket.io-client@4.8.3 want: ~4.4.1
691 silly placeDep ROOT engine.io-client@6.6.4 OK for: socket.io-client@4.8.3 want: ~6.6.1
692 silly fetch manifest xmlhttprequest-ssl@~2.1.1
693 silly packumentCache full:https://registry.npmjs.org/xmlhttprequest-ssl cache-miss
694 http fetch GET 200 https://registry.npmjs.org/xmlhttprequest-ssl 471ms (cache miss)
695 silly packumentCache full:https://registry.npmjs.org/xmlhttprequest-ssl set size:undefined disposed:false
696 silly placeDep node_modules/engine.io-client debug@4.4.3 OK for: engine.io-client@6.6.4 want: ~4.4.1
697 silly placeDep ROOT xmlhttprequest-ssl@2.1.2 OK for: engine.io-client@6.6.4 want: ~2.1.1
698 silly placeDep node_modules/socket.io-parser debug@4.4.3 OK for: socket.io-parser@4.2.5 want: ~4.4.1
699 silly placeDep ROOT commander@2.20.3 OK for: stream-throttle@0.1.3 want: ^2.2.0
700 silly placeDep ROOT limiter@1.1.5 OK for: stream-throttle@0.1.3 want: ^1.0.5
701 silly placeDep ROOT has-flag@4.0.0 OK for: supports-color@7.2.0 want: ^4.0.0
702 silly placeDep ROOT is-number@7.0.0 OK for: to-regex-range@5.0.1 want: ^7.0.0
703 silly placeDep ROOT cliui@8.0.1 OK for: yargs@17.7.2 want: ^8.0.1
704 silly placeDep ROOT escalade@3.2.0 OK for: yargs@17.7.2 want: ^3.1.1
705 silly placeDep ROOT get-caller-file@2.0.5 OK for: yargs@17.7.2 want: ^2.0.5
706 silly placeDep ROOT require-directory@2.1.1 OK for: yargs@17.7.2 want: ^2.1.1
707 silly placeDep ROOT string-width@4.2.3 OK for: yargs@17.7.2 want: ^4.2.3
708 silly placeDep ROOT y18n@5.0.8 OK for: yargs@17.7.2 want: ^5.0.5
709 silly placeDep ROOT yargs-parser@21.1.1 OK for: yargs@17.7.2 want: ^21.1.1
710 silly fetch manifest wrap-ansi@^7.0.0
711 silly packumentCache full:https://registry.npmjs.org/wrap-ansi cache-miss
712 silly fetch manifest strip-ansi@^6.0.1
713 silly packumentCache full:https://registry.npmjs.org/strip-ansi cache-miss
714 silly fetch manifest string-width@^4.2.0
715 silly packumentCache full:https://registry.npmjs.org/string-width cache-miss
716 http cache https://registry.npmjs.org/string-width 3ms (cache hit)
717 silly packumentCache full:https://registry.npmjs.org/string-width set size:68305 disposed:false
718 silly fetch manifest strip-ansi@^6.0.1
719 silly packumentCache full:https://registry.npmjs.org/strip-ansi cache-miss
720 http fetch GET 200 https://registry.npmjs.org/wrap-ansi 56ms (cache miss)
721 silly packumentCache full:https://registry.npmjs.org/wrap-ansi set size:undefined disposed:false
722 silly fetch manifest emoji-regex@^8.0.0
723 silly packumentCache full:https://registry.npmjs.org/emoji-regex cache-miss
724 http fetch GET 200 https://registry.npmjs.org/strip-ansi 138ms (cache miss)
725 silly packumentCache full:https://registry.npmjs.org/strip-ansi set size:undefined disposed:false
726 silly fetch manifest is-fullwidth-code-point@^3.0.0
727 silly packumentCache full:https://registry.npmjs.org/is-fullwidth-code-point cache-miss
728 http fetch GET 200 https://registry.npmjs.org/strip-ansi 138ms (cache miss)
729 silly packumentCache full:https://registry.npmjs.org/strip-ansi set size:undefined disposed:false
730 http fetch GET 200 https://registry.npmjs.org/emoji-regex 89ms (cache miss)
731 silly packumentCache full:https://registry.npmjs.org/emoji-regex set size:undefined disposed:false
732 http fetch GET 200 https://registry.npmjs.org/is-fullwidth-code-point 71ms (cache miss)
733 silly packumentCache full:https://registry.npmjs.org/is-fullwidth-code-point set size:undefined disposed:false
734 silly placeDep ROOT strip-ansi@6.0.1 OK for: cliui@8.0.1 want: ^6.0.1
735 silly placeDep ROOT wrap-ansi@7.0.0 OK for: cliui@8.0.1 want: ^7.0.0
736 silly fetch manifest ansi-regex@^5.0.1
737 silly packumentCache full:https://registry.npmjs.org/ansi-regex cache-miss
738 http fetch GET 200 https://registry.npmjs.org/ansi-regex 66ms (cache miss)
739 silly packumentCache full:https://registry.npmjs.org/ansi-regex set size:undefined disposed:false
740 silly placeDep ROOT emoji-regex@8.0.0 OK for: string-width@4.2.3 want: ^8.0.0
741 silly placeDep ROOT is-fullwidth-code-point@3.0.0 OK for: string-width@4.2.3 want: ^3.0.0
742 silly placeDep ROOT ansi-regex@5.0.1 OK for: strip-ansi@6.0.1 want: ^5.0.1
743 silly placeDep node_modules/engine.io-client ms@2.1.3 OK for: debug@4.4.3 want: ^2.1.3
744 silly placeDep node_modules/engine.io ms@2.1.3 OK for: debug@4.4.3 want: ^2.1.3
745 silly placeDep node_modules/serve-index depd@1.1.2 OK for: http-errors@1.8.1 want: ~1.1.2
746 silly placeDep node_modules/serve-index statuses@1.5.0 OK for: http-errors@1.8.1 want: >= 1.5.0 < 2
747 silly placeDep node_modules/socket.io-adapter ms@2.1.3 OK for: debug@4.4.3 want: ^2.1.3
748 silly placeDep node_modules/socket.io-client ms@2.1.3 OK for: debug@4.4.3 want: ^2.1.3
749 silly placeDep node_modules/socket.io-parser ms@2.1.3 OK for: debug@4.4.3 want: ^2.1.3
750 silly placeDep node_modules/socket.io ms@2.1.3 OK for: debug@4.4.3 want: ^2.1.3
751 silly reify moves {}
752 http cache is-fullwidth-code-point@https://registry.npmjs.org/is-fullwidth-code-point/-/is-fullwidth-code-point-3.0.0.tgz 0ms (cache hit)
753 http cache ansi-regex@https://registry.npmjs.org/ansi-regex/-/ansi-regex-5.0.1.tgz 0ms (cache hit)
754 http cache emoji-regex@https://registry.npmjs.org/emoji-regex/-/emoji-regex-8.0.0.tgz 0ms (cache hit)
755 http cache wrap-ansi@https://registry.npmjs.org/wrap-ansi/-/wrap-ansi-7.0.0.tgz 0ms (cache hit)
756 http cache strip-ansi@https://registry.npmjs.org/strip-ansi/-/strip-ansi-6.0.1.tgz 0ms (cache hit)
757 http cache yargs-parser@https://registry.npmjs.org/yargs-parser/-/yargs-parser-21.1.1.tgz 0ms (cache hit)
758 http cache y18n@https://registry.npmjs.org/y18n/-/y18n-5.0.8.tgz 0ms (cache hit)
759 http cache string-width@https://registry.npmjs.org/string-width/-/string-width-4.2.3.tgz 0ms (cache hit)
760 http cache require-directory@https://registry.npmjs.org/require-directory/-/require-directory-2.1.1.tgz 0ms (cache hit)
761 http cache get-caller-file@https://registry.npmjs.org/get-caller-file/-/get-caller-file-2.0.5.tgz 0ms (cache hit)
762 http cache cliui@https://registry.npmjs.org/cliui/-/cliui-8.0.1.tgz 0ms (cache hit)
763 http cache escalade@https://registry.npmjs.org/escalade/-/escalade-3.2.0.tgz 0ms (cache hit)
764 http cache is-number@https://registry.npmjs.org/is-number/-/is-number-7.0.0.tgz 0ms (cache hit)
765 http cache has-flag@https://registry.npmjs.org/has-flag/-/has-flag-4.0.0.tgz 0ms (cache hit)
766 http cache limiter@https://registry.npmjs.org/limiter/-/limiter-1.1.5.tgz 0ms (cache hit)
767 http cache commander@https://registry.npmjs.org/commander/-/commander-2.20.3.tgz 0ms (cache hit)
768 http cache engine.io-client@https://registry.npmjs.org/engine.io-client/-/engine.io-client-6.6.4.tgz 0ms (cache hit)
769 http cache xmlhttprequest-ssl@https://registry.npmjs.org/xmlhttprequest-ssl/-/xmlhttprequest-ssl-2.1.2.tgz 0ms (cache hit)
770 http cache @socket.io/component-emitter@https://registry.npmjs.org/@socket.io/component-emitter/-/component-emitter-3.1.2.tgz 0ms (cache hit)
771 http cache undici-types@https://registry.npmjs.org/undici-types/-/undici-types-7.18.2.tgz 0ms (cache hit)
772 http cache ws@https://registry.npmjs.org/ws/-/ws-8.18.3.tgz 0ms (cache hit)
773 http cache engine.io-parser@https://registry.npmjs.org/engine.io-parser/-/engine.io-parser-5.2.3.tgz 0ms (cache hit)
774 http cache @types/ws@https://registry.npmjs.org/@types/ws/-/ws-8.18.1.tgz 0ms (cache hit)
775 http cache cookie@https://registry.npmjs.org/cookie/-/cookie-0.7.2.tgz 0ms (cache hit)
776 http cache @types/node@https://registry.npmjs.org/@types/node/-/node-25.4.0.tgz 0ms (cache hit)
777 http cache @types/cors@https://registry.npmjs.org/@types/cors/-/cors-2.8.19.tgz 0ms (cache hit)
778 http cache vary@https://registry.npmjs.org/vary/-/vary-1.1.2.tgz 0ms (cache hit)
779 http cache socket.io-parser@https://registry.npmjs.org/socket.io-parser/-/socket.io-parser-4.2.5.tgz 0ms (cache hit)
780 http cache object-assign@https://registry.npmjs.org/object-assign/-/object-assign-4.1.1.tgz 0ms (cache hit)
781 http cache socket.io-adapter@https://registry.npmjs.org/socket.io-adapter/-/socket.io-adapter-2.5.6.tgz 0ms (cache hit)
782 http cache engine.io@https://registry.npmjs.org/engine.io/-/engine.io-6.6.6.tgz 0ms (cache hit)
783 http cache cors@https://registry.npmjs.org/cors/-/cors-2.8.6.tgz 0ms (cache hit)
784 http cache base64id@https://registry.npmjs.org/base64id/-/base64id-2.0.0.tgz 0ms (cache hit)
785 http cache negotiator@https://registry.npmjs.org/negotiator/-/negotiator-0.6.3.tgz 0ms (cache hit)
786 http cache mime-db@https://registry.npmjs.org/mime-db/-/mime-db-1.52.0.tgz 0ms (cache hit)
787 http cache mime-types@https://registry.npmjs.org/mime-types/-/mime-types-2.1.35.tgz 0ms (cache hit)
788 http cache batch@https://registry.npmjs.org/batch/-/batch-0.6.1.tgz 0ms (cache hit)
789 http cache range-parser@https://registry.npmjs.org/range-parser/-/range-parser-1.2.1.tgz 0ms (cache hit)
790 http cache accepts@https://registry.npmjs.org/accepts/-/accepts-1.3.8.tgz 0ms (cache hit)
791 http cache mime@https://registry.npmjs.org/mime/-/mime-1.6.0.tgz 0ms (cache hit)
792 http cache destroy@https://registry.npmjs.org/destroy/-/destroy-1.2.0.tgz 0ms (cache hit)
793 http cache concat-map@https://registry.npmjs.org/concat-map/-/concat-map-0.0.1.tgz 0ms (cache hit)
794 http cache brace-expansion@https://registry.npmjs.org/brace-expansion/-/brace-expansion-1.1.12.tgz 0ms (cache hit)
795 http cache balanced-match@https://registry.npmjs.org/balanced-match/-/balanced-match-1.0.2.tgz 0ms (cache hit)
796 http cache safer-buffer@https://registry.npmjs.org/safer-buffer/-/safer-buffer-2.1.2.tgz 0ms (cache hit)
797 http cache minimatch@https://registry.npmjs.org/minimatch/-/minimatch-3.1.5.tgz 0ms (cache hit)
798 http cache toidentifier@https://registry.npmjs.org/toidentifier/-/toidentifier-1.0.1.tgz 0ms (cache hit)
799 http cache setprototypeof@https://registry.npmjs.org/setprototypeof/-/setprototypeof-1.2.0.tgz 0ms (cache hit)
800 http cache depd@https://registry.npmjs.org/depd/-/depd-2.0.0.tgz 1ms (cache hit)
801 http cache inherits@https://registry.npmjs.org/inherits/-/inherits-2.0.4.tgz 0ms (cache hit)
802 http cache iconv-lite@https://registry.npmjs.org/iconv-lite/-/iconv-lite-0.4.24.tgz 0ms (cache hit)
803 http cache http-errors@https://registry.npmjs.org/http-errors/-/http-errors-2.0.1.tgz 0ms (cache hit)
804 http cache bytes@https://registry.npmjs.org/bytes/-/bytes-3.1.2.tgz 0ms (cache hit)
805 http cache lodash.isfinite@https://registry.npmjs.org/lodash.isfinite/-/lodash.isfinite-3.3.2.tgz 0ms (cache hit)
806 http cache async@https://registry.npmjs.org/async/-/async-2.6.4.tgz 0ms (cache hit)
807 http cache is-number-like@https://registry.npmjs.org/is-number-like/-/is-number-like-1.0.8.tgz 0ms (cache hit)
808 http cache is-wsl@https://registry.npmjs.org/is-wsl/-/is-wsl-1.1.0.tgz 0ms (cache hit)
809 http cache ee-first@https://registry.npmjs.org/ee-first/-/ee-first-1.1.1.tgz 0ms (cache hit)
810 http cache is-extglob@https://registry.npmjs.org/is-extglob/-/is-extglob-2.1.1.tgz 0ms (cache hit)
811 http cache binary-extensions@https://registry.npmjs.org/binary-extensions/-/binary-extensions-2.3.0.tgz 0ms (cache hit)
812 http cache requires-port@https://registry.npmjs.org/requires-port/-/requires-port-1.0.0.tgz 0ms (cache hit)
813 http cache follow-redirects@https://registry.npmjs.org/follow-redirects/-/follow-redirects-1.15.11.tgz 0ms (cache hit)
814 http cache eventemitter3@https://registry.npmjs.org/eventemitter3/-/eventemitter3-4.0.7.tgz 0ms (cache hit)
815 http cache universalify@https://registry.npmjs.org/universalify/-/universalify-0.1.2.tgz 0ms (cache hit)
816 http cache graceful-fs@https://registry.npmjs.org/graceful-fs/-/graceful-fs-4.2.11.tgz 0ms (cache hit)
817 http cache jsonfile@https://registry.npmjs.org/jsonfile/-/jsonfile-3.0.1.tgz 0ms (cache hit)
818 http cache unpipe@https://registry.npmjs.org/unpipe/-/unpipe-1.0.0.tgz 0ms (cache hit)
819 http cache statuses@https://registry.npmjs.org/statuses/-/statuses-1.3.1.tgz 0ms (cache hit)
820 http cache escape-html@https://registry.npmjs.org/escape-html/-/escape-html-1.0.3.tgz 0ms (cache hit)
821 http cache on-finished@https://registry.npmjs.org/on-finished/-/on-finished-2.3.0.tgz 0ms (cache hit)
822 http cache encodeurl@https://registry.npmjs.org/encodeurl/-/encodeurl-1.0.2.tgz 0ms (cache hit)
823 http cache to-regex-range@https://registry.npmjs.org/to-regex-range/-/to-regex-range-5.0.1.tgz 0ms (cache hit)
824 http cache lodash@https://registry.npmjs.org/lodash/-/lodash-4.17.23.tgz 0ms (cache hit)
825 http cache ms@https://registry.npmjs.org/ms/-/ms-2.0.0.tgz 0ms (cache hit)
826 http cache parseurl@https://registry.npmjs.org/parseurl/-/parseurl-1.3.3.tgz 0ms (cache hit)
827 http cache utils-merge@https://registry.npmjs.org/utils-merge/-/utils-merge-1.0.1.tgz 0ms (cache hit)
828 http cache finalhandler@https://registry.npmjs.org/finalhandler/-/finalhandler-1.1.0.tgz 0ms (cache hit)
829 http cache debug@https://registry.npmjs.org/debug/-/debug-2.6.9.tgz 0ms (cache hit)
830 http cache fill-range@https://registry.npmjs.org/fill-range/-/fill-range-7.1.1.tgz 0ms (cache hit)
831 http cache color-name@https://registry.npmjs.org/color-name/-/color-name-1.1.4.tgz 0ms (cache hit)
832 http cache picomatch@https://registry.npmjs.org/picomatch/-/picomatch-2.3.1.tgz 0ms (cache hit)
833 http cache readdirp@https://registry.npmjs.org/readdirp/-/readdirp-3.6.0.tgz 0ms (cache hit)
834 http cache normalize-path@https://registry.npmjs.org/normalize-path/-/normalize-path-3.0.0.tgz 0ms (cache hit)
835 http cache is-binary-path@https://registry.npmjs.org/is-binary-path/-/is-binary-path-2.1.0.tgz 0ms (cache hit)
836 http cache is-glob@https://registry.npmjs.org/is-glob/-/is-glob-4.0.3.tgz 0ms (cache hit)
837 http cache glob-parent@https://registry.npmjs.org/glob-parent/-/glob-parent-5.1.2.tgz 0ms (cache hit)
838 http cache braces@https://registry.npmjs.org/braces/-/braces-3.0.3.tgz 0ms (cache hit)
839 http cache anymatch@https://registry.npmjs.org/anymatch/-/anymatch-3.1.3.tgz 0ms (cache hit)
840 http cache color-convert@https://registry.npmjs.org/color-convert/-/color-convert-2.0.1.tgz 0ms (cache hit)
841 http cache supports-color@https://registry.npmjs.org/supports-color/-/supports-color-7.2.0.tgz 0ms (cache hit)
842 http cache stream-throttle@https://registry.npmjs.org/stream-throttle/-/stream-throttle-0.1.3.tgz 0ms (cache hit)
843 http cache mitt@https://registry.npmjs.org/mitt/-/mitt-1.2.0.tgz 0ms (cache hit)
844 http cache socket.io-client@https://registry.npmjs.org/socket.io-client/-/socket.io-client-4.8.3.tgz 0ms (cache hit)
845 http cache async-each-series@https://registry.npmjs.org/async-each-series/-/async-each-series-0.1.1.tgz 0ms (cache hit)
846 http cache yargs@https://registry.npmjs.org/yargs/-/yargs-17.7.2.tgz 1ms (cache hit)
847 http cache ua-parser-js@https://registry.npmjs.org/ua-parser-js/-/ua-parser-js-1.0.41.tgz 0ms (cache hit)
848 http cache socket.io@https://registry.npmjs.org/socket.io/-/socket.io-4.8.3.tgz 0ms (cache hit)
849 http cache server-destroy@https://registry.npmjs.org/server-destroy/-/server-destroy-1.0.1.tgz 0ms (cache hit)
850 http cache serve-static@https://registry.npmjs.org/serve-static/-/serve-static-1.16.3.tgz 0ms (cache hit)
851 http cache serve-index@https://registry.npmjs.org/serve-index/-/serve-index-1.9.2.tgz 0ms (cache hit)
852 http cache send@https://registry.npmjs.org/send/-/send-0.19.2.tgz 0ms (cache hit)
853 http cache rx@https://registry.npmjs.org/rx/-/rx-4.1.0.tgz 0ms (cache hit)
854 http cache resp-modifier@https://registry.npmjs.org/resp-modifier/-/resp-modifier-6.0.2.tgz 0ms (cache hit)
855 http cache portscanner@https://registry.npmjs.org/portscanner/-/portscanner-2.2.0.tgz 0ms (cache hit)
856 http cache raw-body@https://registry.npmjs.org/raw-body/-/raw-body-2.5.3.tgz 0ms (cache hit)
857 http cache opn@https://registry.npmjs.org/opn/-/opn-5.3.0.tgz 0ms (cache hit)
858 http cache micromatch@https://registry.npmjs.org/micromatch/-/micromatch-4.0.8.tgz 0ms (cache hit)
859 http cache immutable@https://registry.npmjs.org/immutable/-/immutable-3.8.3.tgz 0ms (cache hit)
860 http cache http-proxy@https://registry.npmjs.org/http-proxy/-/http-proxy-1.18.1.tgz 0ms (cache hit)
861 http cache fs-extra@https://registry.npmjs.org/fs-extra/-/fs-extra-3.0.1.tgz 0ms (cache hit)
862 http cache fresh@https://registry.npmjs.org/fresh/-/fresh-0.5.2.tgz 0ms (cache hit)
863 http cache etag@https://registry.npmjs.org/etag/-/etag-1.8.1.tgz 0ms (cache hit)
864 http cache eazy-logger@https://registry.npmjs.org/eazy-logger/-/eazy-logger-4.1.0.tgz 0ms (cache hit)
865 http cache easy-extender@https://registry.npmjs.org/easy-extender/-/easy-extender-2.3.4.tgz 0ms (cache hit)
866 http cache connect-history-api-fallback@https://registry.npmjs.org/connect-history-api-fallback/-/connect-history-api-fallback-1.6.0.tgz 0ms (cache hit)
867 http cache dev-ip@https://registry.npmjs.org/dev-ip/-/dev-ip-1.0.1.tgz 0ms (cache hit)
868 http cache connect@https://registry.npmjs.org/connect/-/connect-3.6.6.tgz 0ms (cache hit)
869 http cache chokidar@https://registry.npmjs.org/chokidar/-/chokidar-3.6.0.tgz 0ms (cache hit)
870 http cache chalk@https://registry.npmjs.org/chalk/-/chalk-4.1.2.tgz 0ms (cache hit)
871 http cache browser-sync-ui@https://registry.npmjs.org/browser-sync-ui/-/browser-sync-ui-3.0.4.tgz 0ms (cache hit)
872 http cache bs-recipes@https://registry.npmjs.org/bs-recipes/-/bs-recipes-1.3.4.tgz 0ms (cache hit)
873 http cache browser-sync-client@https://registry.npmjs.org/browser-sync-client/-/browser-sync-client-3.0.4.tgz 0ms (cache hit)
874 http cache browser-sync@https://registry.npmjs.org/browser-sync/-/browser-sync-3.0.4.tgz 0ms (cache hit)
875 http cache ms@https://registry.npmjs.org/ms/-/ms-2.1.3.tgz 0ms (cache hit)
876 http cache debug@https://registry.npmjs.org/debug/-/debug-4.4.3.tgz 0ms (cache hit)
877 http cache ms@https://registry.npmjs.org/ms/-/ms-2.1.3.tgz 0ms (cache hit)
878 http cache debug@https://registry.npmjs.org/debug/-/debug-4.4.3.tgz 0ms (cache hit)
879 http cache ms@https://registry.npmjs.org/ms/-/ms-2.1.3.tgz 0ms (cache hit)
880 http cache debug@https://registry.npmjs.org/debug/-/debug-4.4.3.tgz 0ms (cache hit)
881 http cache ms@https://registry.npmjs.org/ms/-/ms-2.1.3.tgz 0ms (cache hit)
882 http cache debug@https://registry.npmjs.org/debug/-/debug-4.4.3.tgz 0ms (cache hit)
883 http cache ms@https://registry.npmjs.org/ms/-/ms-2.1.3.tgz 0ms (cache hit)
884 http cache ms@https://registry.npmjs.org/ms/-/ms-2.1.3.tgz 0ms (cache hit)
885 http cache debug@https://registry.npmjs.org/debug/-/debug-4.4.3.tgz 0ms (cache hit)
886 http cache statuses@https://registry.npmjs.org/statuses/-/statuses-2.0.2.tgz 0ms (cache hit)
887 http cache debug@https://registry.npmjs.org/debug/-/debug-4.4.3.tgz 0ms (cache hit)
888 http cache encodeurl@https://registry.npmjs.org/encodeurl/-/encodeurl-2.0.0.tgz 0ms (cache hit)
889 http cache depd@https://registry.npmjs.org/depd/-/depd-1.1.2.tgz 0ms (cache hit)
890 http cache statuses@https://registry.npmjs.org/statuses/-/statuses-1.5.0.tgz 0ms (cache hit)
891 http cache http-errors@https://registry.npmjs.org/http-errors/-/http-errors-1.8.1.tgz 0ms (cache hit)
892 http cache statuses@https://registry.npmjs.org/statuses/-/statuses-2.0.2.tgz 0ms (cache hit)
893 http cache on-finished@https://registry.npmjs.org/on-finished/-/on-finished-2.4.1.tgz 0ms (cache hit)
894 http cache ms@https://registry.npmjs.org/ms/-/ms-2.1.3.tgz 0ms (cache hit)
895 http cache encodeurl@https://registry.npmjs.org/encodeurl/-/encodeurl-2.0.0.tgz 0ms (cache hit)
896 http cache ansi-styles@https://registry.npmjs.org/ansi-styles/-/ansi-styles-4.3.0.tgz 0ms (cache hit)
897 silly tarball no local data for is-fullwidth-code-point@https://registry.npmjs.org/is-fullwidth-code-point/-/is-fullwidth-code-point-3.0.0.tgz. Extracting by manifest.
898 silly tarball no local data for ansi-regex@https://registry.npmjs.org/ansi-regex/-/ansi-regex-5.0.1.tgz. Extracting by manifest.
899 silly tarball no local data for emoji-regex@https://registry.npmjs.org/emoji-regex/-/emoji-regex-8.0.0.tgz. Extracting by manifest.
900 silly tarball no local data for wrap-ansi@https://registry.npmjs.org/wrap-ansi/-/wrap-ansi-7.0.0.tgz. Extracting by manifest.
901 silly tarball no local data for strip-ansi@https://registry.npmjs.org/strip-ansi/-/strip-ansi-6.0.1.tgz. Extracting by manifest.
902 silly tarball no local data for yargs-parser@https://registry.npmjs.org/yargs-parser/-/yargs-parser-21.1.1.tgz. Extracting by manifest.
903 silly tarball no local data for y18n@https://registry.npmjs.org/y18n/-/y18n-5.0.8.tgz. Extracting by manifest.
904 silly tarball no local data for string-width@https://registry.npmjs.org/string-width/-/string-width-4.2.3.tgz. Extracting by manifest.
905 silly tarball no local data for require-directory@https://registry.npmjs.org/require-directory/-/require-directory-2.1.1.tgz. Extracting by manifest.
906 silly tarball no local data for get-caller-file@https://registry.npmjs.org/get-caller-file/-/get-caller-file-2.0.5.tgz. Extracting by manifest.
907 silly tarball no local data for cliui@https://registry.npmjs.org/cliui/-/cliui-8.0.1.tgz. Extracting by manifest.
908 silly tarball no local data for escalade@https://registry.npmjs.org/escalade/-/escalade-3.2.0.tgz. Extracting by manifest.
909 silly tarball no local data for is-number@https://registry.npmjs.org/is-number/-/is-number-7.0.0.tgz. Extracting by manifest.
910 silly tarball no local data for limiter@https://registry.npmjs.org/limiter/-/limiter-1.1.5.tgz. Extracting by manifest.
911 silly tarball no local data for commander@https://registry.npmjs.org/commander/-/commander-2.20.3.tgz. Extracting by manifest.
912 silly tarball no local data for engine.io-client@https://registry.npmjs.org/engine.io-client/-/engine.io-client-6.6.4.tgz. Extracting by manifest.
913 silly tarball no local data for xmlhttprequest-ssl@https://registry.npmjs.org/xmlhttprequest-ssl/-/xmlhttprequest-ssl-2.1.2.tgz. Extracting by manifest.
914 silly tarball no local data for @socket.io/component-emitter@https://registry.npmjs.org/@socket.io/component-emitter/-/component-emitter-3.1.2.tgz. Extracting by manifest.
915 silly tarball no local data for undici-types@https://registry.npmjs.org/undici-types/-/undici-types-7.18.2.tgz. Extracting by manifest.
916 silly tarball no local data for ws@https://registry.npmjs.org/ws/-/ws-8.18.3.tgz. Extracting by manifest.
917 silly tarball no local data for engine.io-parser@https://registry.npmjs.org/engine.io-parser/-/engine.io-parser-5.2.3.tgz. Extracting by manifest.
918 silly tarball no local data for @types/ws@https://registry.npmjs.org/@types/ws/-/ws-8.18.1.tgz. Extracting by manifest.
919 silly tarball no local data for cookie@https://registry.npmjs.org/cookie/-/cookie-0.7.2.tgz. Extracting by manifest.
920 silly tarball no local data for @types/node@https://registry.npmjs.org/@types/node/-/node-25.4.0.tgz. Extracting by manifest.
921 silly tarball no local data for @types/cors@https://registry.npmjs.org/@types/cors/-/cors-2.8.19.tgz. Extracting by manifest.
922 silly tarball no local data for vary@https://registry.npmjs.org/vary/-/vary-1.1.2.tgz. Extracting by manifest.
923 silly tarball no local data for socket.io-parser@https://registry.npmjs.org/socket.io-parser/-/socket.io-parser-4.2.5.tgz. Extracting by manifest.
924 silly tarball no local data for object-assign@https://registry.npmjs.org/object-assign/-/object-assign-4.1.1.tgz. Extracting by manifest.
925 silly tarball no local data for socket.io-adapter@https://registry.npmjs.org/socket.io-adapter/-/socket.io-adapter-2.5.6.tgz. Extracting by manifest.
926 silly tarball no local data for engine.io@https://registry.npmjs.org/engine.io/-/engine.io-6.6.6.tgz. Extracting by manifest.
927 silly tarball no local data for cors@https://registry.npmjs.org/cors/-/cors-2.8.6.tgz. Extracting by manifest.
928 silly tarball no local data for base64id@https://registry.npmjs.org/base64id/-/base64id-2.0.0.tgz. Extracting by manifest.
929 silly tarball no local data for negotiator@https://registry.npmjs.org/negotiator/-/negotiator-0.6.3.tgz. Extracting by manifest.
930 silly tarball no local data for mime-db@https://registry.npmjs.org/mime-db/-/mime-db-1.52.0.tgz. Extracting by manifest.
931 silly tarball no local data for mime-types@https://registry.npmjs.org/mime-types/-/mime-types-2.1.35.tgz. Extracting by manifest.
932 silly tarball no local data for batch@https://registry.npmjs.org/batch/-/batch-0.6.1.tgz. Extracting by manifest.
933 silly tarball no local data for range-parser@https://registry.npmjs.org/range-parser/-/range-parser-1.2.1.tgz. Extracting by manifest.
934 silly tarball no local data for accepts@https://registry.npmjs.org/accepts/-/accepts-1.3.8.tgz. Extracting by manifest.
935 silly tarball no local data for mime@https://registry.npmjs.org/mime/-/mime-1.6.0.tgz. Extracting by manifest.
936 silly tarball no local data for destroy@https://registry.npmjs.org/destroy/-/destroy-1.2.0.tgz. Extracting by manifest.
937 silly tarball no local data for concat-map@https://registry.npmjs.org/concat-map/-/concat-map-0.0.1.tgz. Extracting by manifest.
938 silly tarball no local data for brace-expansion@https://registry.npmjs.org/brace-expansion/-/brace-expansion-1.1.12.tgz. Extracting by manifest.
939 silly tarball no local data for balanced-match@https://registry.npmjs.org/balanced-match/-/balanced-match-1.0.2.tgz. Extracting by manifest.
940 silly tarball no local data for safer-buffer@https://registry.npmjs.org/safer-buffer/-/safer-buffer-2.1.2.tgz. Extracting by manifest.
941 silly tarball no local data for minimatch@https://registry.npmjs.org/minimatch/-/minimatch-3.1.5.tgz. Extracting by manifest.
942 silly tarball no local data for toidentifier@https://registry.npmjs.org/toidentifier/-/toidentifier-1.0.1.tgz. Extracting by manifest.
943 silly tarball no local data for setprototypeof@https://registry.npmjs.org/setprototypeof/-/setprototypeof-1.2.0.tgz. Extracting by manifest.
944 silly tarball no local data for depd@https://registry.npmjs.org/depd/-/depd-2.0.0.tgz. Extracting by manifest.
945 silly tarball no local data for inherits@https://registry.npmjs.org/inherits/-/inherits-2.0.4.tgz. Extracting by manifest.
946 silly tarball no local data for iconv-lite@https://registry.npmjs.org/iconv-lite/-/iconv-lite-0.4.24.tgz. Extracting by manifest.
947 silly tarball no local data for http-errors@https://registry.npmjs.org/http-errors/-/http-errors-2.0.1.tgz. Extracting by manifest.
948 silly tarball no local data for bytes@https://registry.npmjs.org/bytes/-/bytes-3.1.2.tgz. Extracting by manifest.
949 silly tarball no local data for lodash.isfinite@https://registry.npmjs.org/lodash.isfinite/-/lodash.isfinite-3.3.2.tgz. Extracting by manifest.
950 silly tarball no local data for async@https://registry.npmjs.org/async/-/async-2.6.4.tgz. Extracting by manifest.
951 silly tarball no local data for is-number-like@https://registry.npmjs.org/is-number-like/-/is-number-like-1.0.8.tgz. Extracting by manifest.
952 silly tarball no local data for is-wsl@https://registry.npmjs.org/is-wsl/-/is-wsl-1.1.0.tgz. Extracting by manifest.
953 silly tarball no local data for ee-first@https://registry.npmjs.org/ee-first/-/ee-first-1.1.1.tgz. Extracting by manifest.
954 silly tarball no local data for binary-extensions@https://registry.npmjs.org/binary-extensions/-/binary-extensions-2.3.0.tgz. Extracting by manifest.
955 silly tarball no local data for requires-port@https://registry.npmjs.org/requires-port/-/requires-port-1.0.0.tgz. Extracting by manifest.
956 silly tarball no local data for follow-redirects@https://registry.npmjs.org/follow-redirects/-/follow-redirects-1.15.11.tgz. Extracting by manifest.
957 silly tarball no local data for eventemitter3@https://registry.npmjs.org/eventemitter3/-/eventemitter3-4.0.7.tgz. Extracting by manifest.
958 silly tarball no local data for universalify@https://registry.npmjs.org/universalify/-/universalify-0.1.2.tgz. Extracting by manifest.
959 silly tarball no local data for jsonfile@https://registry.npmjs.org/jsonfile/-/jsonfile-3.0.1.tgz. Extracting by manifest.
960 silly tarball no local data for unpipe@https://registry.npmjs.org/unpipe/-/unpipe-1.0.0.tgz. Extracting by manifest.
961 silly tarball no local data for statuses@https://registry.npmjs.org/statuses/-/statuses-1.3.1.tgz. Extracting by manifest.
962 silly tarball no local data for escape-html@https://registry.npmjs.org/escape-html/-/escape-html-1.0.3.tgz. Extracting by manifest.
963 silly tarball no local data for on-finished@https://registry.npmjs.org/on-finished/-/on-finished-2.3.0.tgz. Extracting by manifest.
964 silly tarball no local data for encodeurl@https://registry.npmjs.org/encodeurl/-/encodeurl-1.0.2.tgz. Extracting by manifest.
965 silly tarball no local data for to-regex-range@https://registry.npmjs.org/to-regex-range/-/to-regex-range-5.0.1.tgz. Extracting by manifest.
966 silly tarball no local data for lodash@https://registry.npmjs.org/lodash/-/lodash-4.17.23.tgz. Extracting by manifest.
967 silly tarball no local data for ms@https://registry.npmjs.org/ms/-/ms-2.0.0.tgz. Extracting by manifest.
968 silly tarball no local data for parseurl@https://registry.npmjs.org/parseurl/-/parseurl-1.3.3.tgz. Extracting by manifest.
969 silly tarball no local data for utils-merge@https://registry.npmjs.org/utils-merge/-/utils-merge-1.0.1.tgz. Extracting by manifest.
970 silly tarball no local data for finalhandler@https://registry.npmjs.org/finalhandler/-/finalhandler-1.1.0.tgz. Extracting by manifest.
971 silly tarball no local data for debug@https://registry.npmjs.org/debug/-/debug-2.6.9.tgz. Extracting by manifest.
972 silly tarball no local data for fill-range@https://registry.npmjs.org/fill-range/-/fill-range-7.1.1.tgz. Extracting by manifest.
973 silly tarball no local data for readdirp@https://registry.npmjs.org/readdirp/-/readdirp-3.6.0.tgz. Extracting by manifest.
974 silly tarball no local data for normalize-path@https://registry.npmjs.org/normalize-path/-/normalize-path-3.0.0.tgz. Extracting by manifest.
975 silly tarball no local data for is-binary-path@https://registry.npmjs.org/is-binary-path/-/is-binary-path-2.1.0.tgz. Extracting by manifest.
976 silly tarball no local data for glob-parent@https://registry.npmjs.org/glob-parent/-/glob-parent-5.1.2.tgz. Extracting by manifest.
977 silly tarball no local data for braces@https://registry.npmjs.org/braces/-/braces-3.0.3.tgz. Extracting by manifest.
978 silly tarball no local data for anymatch@https://registry.npmjs.org/anymatch/-/anymatch-3.1.3.tgz. Extracting by manifest.
979 silly tarball no local data for stream-throttle@https://registry.npmjs.org/stream-throttle/-/stream-throttle-0.1.3.tgz. Extracting by manifest.
980 silly tarball no local data for mitt@https://registry.npmjs.org/mitt/-/mitt-1.2.0.tgz. Extracting by manifest.
981 silly tarball no local data for socket.io-client@https://registry.npmjs.org/socket.io-client/-/socket.io-client-4.8.3.tgz. Extracting by manifest.
982 silly tarball no local data for async-each-series@https://registry.npmjs.org/async-each-series/-/async-each-series-0.1.1.tgz. Extracting by manifest.
983 silly tarball no local data for yargs@https://registry.npmjs.org/yargs/-/yargs-17.7.2.tgz. Extracting by manifest.
984 silly tarball no local data for ua-parser-js@https://registry.npmjs.org/ua-parser-js/-/ua-parser-js-1.0.41.tgz. Extracting by manifest.
985 silly tarball no local data for socket.io@https://registry.npmjs.org/socket.io/-/socket.io-4.8.3.tgz. Extracting by manifest.
986 silly tarball no local data for server-destroy@https://registry.npmjs.org/server-destroy/-/server-destroy-1.0.1.tgz. Extracting by manifest.
987 silly tarball no local data for serve-static@https://registry.npmjs.org/serve-static/-/serve-static-1.16.3.tgz. Extracting by manifest.
988 silly tarball no local data for serve-index@https://registry.npmjs.org/serve-index/-/serve-index-1.9.2.tgz. Extracting by manifest.
989 silly tarball no local data for send@https://registry.npmjs.org/send/-/send-0.19.2.tgz. Extracting by manifest.
990 silly tarball no local data for rx@https://registry.npmjs.org/rx/-/rx-4.1.0.tgz. Extracting by manifest.
991 silly tarball no local data for resp-modifier@https://registry.npmjs.org/resp-modifier/-/resp-modifier-6.0.2.tgz. Extracting by manifest.
992 silly tarball no local data for portscanner@https://registry.npmjs.org/portscanner/-/portscanner-2.2.0.tgz. Extracting by manifest.
993 silly tarball no local data for raw-body@https://registry.npmjs.org/raw-body/-/raw-body-2.5.3.tgz. Extracting by manifest.
994 silly tarball no local data for opn@https://registry.npmjs.org/opn/-/opn-5.3.0.tgz. Extracting by manifest.
995 silly tarball no local data for micromatch@https://registry.npmjs.org/micromatch/-/micromatch-4.0.8.tgz. Extracting by manifest.
996 silly tarball no local data for immutable@https://registry.npmjs.org/immutable/-/immutable-3.8.3.tgz. Extracting by manifest.
997 silly tarball no local data for http-proxy@https://registry.npmjs.org/http-proxy/-/http-proxy-1.18.1.tgz. Extracting by manifest.
998 silly tarball no local data for fs-extra@https://registry.npmjs.org/fs-extra/-/fs-extra-3.0.1.tgz. Extracting by manifest.
999 silly tarball no local data for fresh@https://registry.npmjs.org/fresh/-/fresh-0.5.2.tgz. Extracting by manifest.
1000 silly tarball no local data for etag@https://registry.npmjs.org/etag/-/etag-1.8.1.tgz. Extracting by manifest.
1001 silly tarball no local data for eazy-logger@https://registry.npmjs.org/eazy-logger/-/eazy-logger-4.1.0.tgz. Extracting by manifest.
1002 silly tarball no local data for easy-extender@https://registry.npmjs.org/easy-extender/-/easy-extender-2.3.4.tgz. Extracting by manifest.
1003 silly tarball no local data for connect-history-api-fallback@https://registry.npmjs.org/connect-history-api-fallback/-/connect-history-api-fallback-1.6.0.tgz. Extracting by manifest.
1004 silly tarball no local data for dev-ip@https://registry.npmjs.org/dev-ip/-/dev-ip-1.0.1.tgz. Extracting by manifest.
1005 silly tarball no local data for connect@https://registry.npmjs.org/connect/-/connect-3.6.6.tgz. Extracting by manifest.
1006 silly tarball no local data for chokidar@https://registry.npmjs.org/chokidar/-/chokidar-3.6.0.tgz. Extracting by manifest.
1007 silly tarball no local data for browser-sync-ui@https://registry.npmjs.org/browser-sync-ui/-/browser-sync-ui-3.0.4.tgz. Extracting by manifest.
1008 silly tarball no local data for bs-recipes@https://registry.npmjs.org/bs-recipes/-/bs-recipes-1.3.4.tgz. Extracting by manifest.
1009 silly tarball no local data for browser-sync-client@https://registry.npmjs.org/browser-sync-client/-/browser-sync-client-3.0.4.tgz. Extracting by manifest.
1010 silly tarball no local data for browser-sync@https://registry.npmjs.org/browser-sync/-/browser-sync-3.0.4.tgz. Extracting by manifest.
1011 silly tarball no local data for statuses@https://registry.npmjs.org/statuses/-/statuses-2.0.2.tgz. Extracting by manifest.
1012 silly tarball no local data for encodeurl@https://registry.npmjs.org/encodeurl/-/encodeurl-2.0.0.tgz. Extracting by manifest.
1013 silly tarball no local data for depd@https://registry.npmjs.org/depd/-/depd-1.1.2.tgz. Extracting by manifest.
1014 silly tarball no local data for statuses@https://registry.npmjs.org/statuses/-/statuses-1.5.0.tgz. Extracting by manifest.
1015 silly tarball no local data for http-errors@https://registry.npmjs.org/http-errors/-/http-errors-1.8.1.tgz. Extracting by manifest.
1016 silly tarball no local data for statuses@https://registry.npmjs.org/statuses/-/statuses-2.0.2.tgz. Extracting by manifest.
1017 silly tarball no local data for on-finished@https://registry.npmjs.org/on-finished/-/on-finished-2.4.1.tgz. Extracting by manifest.
1018 silly tarball no local data for encodeurl@https://registry.npmjs.org/encodeurl/-/encodeurl-2.0.0.tgz. Extracting by manifest.
1019 http fetch GET 200 https://registry.npmjs.org/emoji-regex/-/emoji-regex-8.0.0.tgz 165ms (cache miss)
1020 http fetch GET 200 https://registry.npmjs.org/ansi-regex/-/ansi-regex-5.0.1.tgz 175ms (cache miss)
1021 http fetch GET 200 https://registry.npmjs.org/is-fullwidth-code-point/-/is-fullwidth-code-point-3.0.0.tgz 179ms (cache miss)
1022 http fetch GET 200 https://registry.npmjs.org/xmlhttprequest-ssl/-/xmlhttprequest-ssl-2.1.2.tgz 180ms (cache miss)
1023 http fetch GET 200 https://registry.npmjs.org/strip-ansi/-/strip-ansi-6.0.1.tgz 283ms (cache miss)
1024 http fetch GET 200 https://registry.npmjs.org/wrap-ansi/-/wrap-ansi-7.0.0.tgz 289ms (cache miss)
1025 http fetch GET 200 https://registry.npmjs.org/string-width/-/string-width-4.2.3.tgz 288ms (cache miss)
1026 http fetch GET 200 https://registry.npmjs.org/@socket.io/component-emitter/-/component-emitter-3.1.2.tgz 289ms (cache miss)
1027 http fetch GET 200 https://registry.npmjs.org/require-directory/-/require-directory-2.1.1.tgz 294ms (cache miss)
1028 http fetch GET 200 https://registry.npmjs.org/is-number/-/is-number-7.0.0.tgz 301ms (cache miss)
1029 http fetch GET 200 https://registry.npmjs.org/get-caller-file/-/get-caller-file-2.0.5.tgz 308ms (cache miss)
1030 http fetch GET 200 https://registry.npmjs.org/y18n/-/y18n-5.0.8.tgz 310ms (cache miss)
1031 http fetch GET 200 https://registry.npmjs.org/engine.io-parser/-/engine.io-parser-5.2.3.tgz 306ms (cache miss)
1032 http fetch GET 200 https://registry.npmjs.org/undici-types/-/undici-types-7.18.2.tgz 319ms (cache miss)
1033 http fetch GET 200 https://registry.npmjs.org/escalade/-/escalade-3.2.0.tgz 338ms (cache miss)
1034 http fetch GET 200 https://registry.npmjs.org/limiter/-/limiter-1.1.5.tgz 341ms (cache miss)
1035 http fetch GET 200 https://registry.npmjs.org/commander/-/commander-2.20.3.tgz 344ms (cache miss)
1036 http fetch GET 200 https://registry.npmjs.org/cliui/-/cliui-8.0.1.tgz 351ms (cache miss)
1037 http fetch GET 200 https://registry.npmjs.org/cors/-/cors-2.8.6.tgz 346ms (cache miss)
1038 http fetch GET 200 https://registry.npmjs.org/@types/ws/-/ws-8.18.1.tgz 351ms (cache miss)
1039 http fetch GET 200 https://registry.npmjs.org/object-assign/-/object-assign-4.1.1.tgz 348ms (cache miss)
1040 http fetch GET 200 https://registry.npmjs.org/vary/-/vary-1.1.2.tgz 349ms (cache miss)
1041 http fetch GET 200 https://registry.npmjs.org/base64id/-/base64id-2.0.0.tgz 352ms (cache miss)
1042 http fetch GET 200 https://registry.npmjs.org/batch/-/batch-0.6.1.tgz 358ms (cache miss)
1043 http fetch GET 200 https://registry.npmjs.org/cookie/-/cookie-0.7.2.tgz 364ms (cache miss)
1044 http fetch GET 200 https://registry.npmjs.org/ws/-/ws-8.18.3.tgz 394ms (cache miss)
1045 http fetch GET 200 https://registry.npmjs.org/yargs-parser/-/yargs-parser-21.1.1.tgz 402ms (cache miss)
1046 http fetch GET 200 https://registry.npmjs.org/negotiator/-/negotiator-0.6.3.tgz 395ms (cache miss)
1047 http fetch GET 200 https://registry.npmjs.org/range-parser/-/range-parser-1.2.1.tgz 393ms (cache miss)
1048 http fetch GET 200 https://registry.npmjs.org/destroy/-/destroy-1.2.0.tgz 394ms (cache miss)
1049 http fetch GET 200 https://registry.npmjs.org/concat-map/-/concat-map-0.0.1.tgz 395ms (cache miss)
1050 http fetch GET 200 https://registry.npmjs.org/accepts/-/accepts-1.3.8.tgz 403ms (cache miss)
1051 http fetch GET 200 https://registry.npmjs.org/mime-types/-/mime-types-2.1.35.tgz 408ms (cache miss)
1052 http fetch GET 200 https://registry.npmjs.org/setprototypeof/-/setprototypeof-1.2.0.tgz 405ms (cache miss)
1053 http fetch GET 200 https://registry.npmjs.org/socket.io-adapter/-/socket.io-adapter-2.5.6.tgz 415ms (cache miss)
1054 http fetch GET 200 https://registry.npmjs.org/balanced-match/-/balanced-match-1.0.2.tgz 414ms (cache miss)
1055 http fetch GET 200 https://registry.npmjs.org/@types/cors/-/cors-2.8.19.tgz 443ms (cache miss)
1056 http fetch GET 200 https://registry.npmjs.org/mime-db/-/mime-db-1.52.0.tgz 441ms (cache miss)
1057 http fetch GET 200 https://registry.npmjs.org/safer-buffer/-/safer-buffer-2.1.2.tgz 436ms (cache miss)
1058 http fetch GET 200 https://registry.npmjs.org/minimatch/-/minimatch-3.1.5.tgz 438ms (cache miss)
1059 http fetch GET 200 https://registry.npmjs.org/brace-expansion/-/brace-expansion-1.1.12.tgz 444ms (cache miss)
1060 http fetch GET 200 https://registry.npmjs.org/mime/-/mime-1.6.0.tgz 451ms (cache miss)
1061 http fetch GET 200 https://registry.npmjs.org/inherits/-/inherits-2.0.4.tgz 447ms (cache miss)
1062 http fetch GET 200 https://registry.npmjs.org/http-errors/-/http-errors-2.0.1.tgz 446ms (cache miss)
1063 http fetch GET 200 https://registry.npmjs.org/toidentifier/-/toidentifier-1.0.1.tgz 451ms (cache miss)
1064 http fetch GET 200 https://registry.npmjs.org/lodash.isfinite/-/lodash.isfinite-3.3.2.tgz 457ms (cache miss)
1065 http fetch GET 200 https://registry.npmjs.org/is-wsl/-/is-wsl-1.1.0.tgz 456ms (cache miss)
1066 http fetch GET 200 https://registry.npmjs.org/binary-extensions/-/binary-extensions-2.3.0.tgz 459ms (cache miss)
1067 http fetch GET 200 https://registry.npmjs.org/ee-first/-/ee-first-1.1.1.tgz 460ms (cache miss)
1068 http fetch GET 200 https://registry.npmjs.org/bytes/-/bytes-3.1.2.tgz 463ms (cache miss)
1069 http fetch GET 200 https://registry.npmjs.org/depd/-/depd-2.0.0.tgz 467ms (cache miss)
1070 http fetch GET 200 https://registry.npmjs.org/universalify/-/universalify-0.1.2.tgz 472ms (cache miss)
1071 http fetch GET 200 https://registry.npmjs.org/follow-redirects/-/follow-redirects-1.15.11.tgz 473ms (cache miss)
1072 http fetch GET 200 https://registry.npmjs.org/unpipe/-/unpipe-1.0.0.tgz 478ms (cache miss)
1073 http fetch GET 200 https://registry.npmjs.org/on-finished/-/on-finished-2.3.0.tgz 495ms (cache miss)
1074 http fetch GET 200 https://registry.npmjs.org/statuses/-/statuses-1.3.1.tgz 497ms (cache miss)
1075 http fetch GET 200 https://registry.npmjs.org/requires-port/-/requires-port-1.0.0.tgz 502ms (cache miss)
1076 http fetch GET 200 https://registry.npmjs.org/encodeurl/-/encodeurl-1.0.2.tgz 501ms (cache miss)
1077 http fetch GET 200 https://registry.npmjs.org/is-number-like/-/is-number-like-1.0.8.tgz 511ms (cache miss)
1078 http fetch GET 200 https://registry.npmjs.org/ms/-/ms-2.0.0.tgz 505ms (cache miss)
1079 http fetch GET 200 https://registry.npmjs.org/escape-html/-/escape-html-1.0.3.tgz 513ms (cache miss)
1080 http fetch GET 200 https://registry.npmjs.org/jsonfile/-/jsonfile-3.0.1.tgz 522ms (cache miss)
1081 http fetch GET 200 https://registry.npmjs.org/eventemitter3/-/eventemitter3-4.0.7.tgz 525ms (cache miss)
1082 http fetch GET 200 https://registry.npmjs.org/parseurl/-/parseurl-1.3.3.tgz 528ms (cache miss)
1083 http fetch GET 200 https://registry.npmjs.org/to-regex-range/-/to-regex-range-5.0.1.tgz 531ms (cache miss)
1084 http fetch GET 200 https://registry.npmjs.org/utils-merge/-/utils-merge-1.0.1.tgz 541ms (cache miss)
1085 http fetch GET 200 https://registry.npmjs.org/finalhandler/-/finalhandler-1.1.0.tgz 543ms (cache miss)
1086 http fetch GET 200 https://registry.npmjs.org/socket.io-parser/-/socket.io-parser-4.2.5.tgz 568ms (cache miss)
1087 http fetch GET 200 https://registry.npmjs.org/readdirp/-/readdirp-3.6.0.tgz 548ms (cache miss)
1088 http fetch GET 200 https://registry.npmjs.org/fill-range/-/fill-range-7.1.1.tgz 553ms (cache miss)
1089 http fetch GET 200 https://registry.npmjs.org/is-binary-path/-/is-binary-path-2.1.0.tgz 554ms (cache miss)
1090 http fetch GET 200 https://registry.npmjs.org/normalize-path/-/normalize-path-3.0.0.tgz 560ms (cache miss)
1091 http fetch GET 200 https://registry.npmjs.org/braces/-/braces-3.0.3.tgz 559ms (cache miss)
1092 http fetch GET 200 https://registry.npmjs.org/stream-throttle/-/stream-throttle-0.1.3.tgz 559ms (cache miss)
1093 http fetch GET 200 https://registry.npmjs.org/anymatch/-/anymatch-3.1.3.tgz 559ms (cache miss)
1094 http fetch GET 200 https://registry.npmjs.org/glob-parent/-/glob-parent-5.1.2.tgz 560ms (cache miss)
1095 http fetch GET 200 https://registry.npmjs.org/debug/-/debug-2.6.9.tgz 565ms (cache miss)
1096 http fetch GET 200 https://registry.npmjs.org/async-each-series/-/async-each-series-0.1.1.tgz 560ms (cache miss)
1097 http fetch GET 200 https://registry.npmjs.org/mitt/-/mitt-1.2.0.tgz 571ms (cache miss)
1098 http fetch GET 200 https://registry.npmjs.org/server-destroy/-/server-destroy-1.0.1.tgz 580ms (cache miss)
1099 http fetch GET 200 https://registry.npmjs.org/engine.io/-/engine.io-6.6.6.tgz 620ms (cache miss)
1100 http fetch GET 200 https://registry.npmjs.org/iconv-lite/-/iconv-lite-0.4.24.tgz 627ms (cache miss)
1101 http fetch GET 200 https://registry.npmjs.org/resp-modifier/-/resp-modifier-6.0.2.tgz 605ms (cache miss)
1102 http fetch GET 200 https://registry.npmjs.org/send/-/send-0.19.2.tgz 623ms (cache miss)
1103 http fetch GET 200 https://registry.npmjs.org/portscanner/-/portscanner-2.2.0.tgz 657ms (cache miss)
1104 http fetch GET 200 https://registry.npmjs.org/raw-body/-/raw-body-2.5.3.tgz 659ms (cache miss)
1105 http fetch GET 200 https://registry.npmjs.org/serve-static/-/serve-static-1.16.3.tgz 673ms (cache miss)
1106 http fetch GET 200 https://registry.npmjs.org/opn/-/opn-5.3.0.tgz 672ms (cache miss)
1107 http fetch GET 200 https://registry.npmjs.org/micromatch/-/micromatch-4.0.8.tgz 676ms (cache miss)
1108 http fetch GET 200 https://registry.npmjs.org/ua-parser-js/-/ua-parser-js-1.0.41.tgz 690ms (cache miss)
1109 http fetch GET 200 https://registry.npmjs.org/fresh/-/fresh-0.5.2.tgz 704ms (cache miss)
1110 http fetch GET 200 https://registry.npmjs.org/dev-ip/-/dev-ip-1.0.1.tgz 715ms (cache miss)
1111 http fetch GET 200 https://registry.npmjs.org/etag/-/etag-1.8.1.tgz 718ms (cache miss)
1112 http fetch GET 200 https://registry.npmjs.org/easy-extender/-/easy-extender-2.3.4.tgz 719ms (cache miss)
1113 http fetch GET 200 https://registry.npmjs.org/connect-history-api-fallback/-/connect-history-api-fallback-1.6.0.tgz 720ms (cache miss)
1114 http fetch GET 200 https://registry.npmjs.org/eazy-logger/-/eazy-logger-4.1.0.tgz 726ms (cache miss)
1115 http fetch GET 200 https://registry.npmjs.org/immutable/-/immutable-3.8.3.tgz 733ms (cache miss)
1116 http fetch GET 200 https://registry.npmjs.org/http-proxy/-/http-proxy-1.18.1.tgz 741ms (cache miss)
1117 http fetch GET 200 https://registry.npmjs.org/async/-/async-2.6.4.tgz 769ms (cache miss)
1118 http fetch GET 200 https://registry.npmjs.org/encodeurl/-/encodeurl-2.0.0.tgz 783ms (cache miss)
1119 http fetch GET 200 https://registry.npmjs.org/statuses/-/statuses-2.0.2.tgz 784ms (cache miss)
1120 http fetch GET 200 https://registry.npmjs.org/on-finished/-/on-finished-2.4.1.tgz 783ms (cache miss)
1121 http fetch GET 200 https://registry.npmjs.org/statuses/-/statuses-1.5.0.tgz 785ms (cache miss)
1122 http fetch GET 200 https://registry.npmjs.org/http-errors/-/http-errors-1.8.1.tgz 787ms (cache miss)
1123 http fetch GET 200 https://registry.npmjs.org/chokidar/-/chokidar-3.6.0.tgz 807ms (cache miss)
1124 http fetch GET 200 https://registry.npmjs.org/connect/-/connect-3.6.6.tgz 816ms (cache miss)
1125 http fetch GET 200 https://registry.npmjs.org/@types/node/-/node-25.4.0.tgz 866ms (cache miss)
1126 http fetch GET 200 https://registry.npmjs.org/depd/-/depd-1.1.2.tgz 821ms (cache miss)
1127 http fetch GET 200 https://registry.npmjs.org/encodeurl/-/encodeurl-2.0.0.tgz 827ms (cache miss)
1128 http fetch GET 200 https://registry.npmjs.org/browser-sync-client/-/browser-sync-client-3.0.4.tgz 838ms (cache miss)
1129 http fetch GET 200 https://registry.npmjs.org/socket.io-client/-/socket.io-client-4.8.3.tgz 892ms (cache miss)
1130 http fetch GET 200 https://registry.npmjs.org/yargs/-/yargs-17.7.2.tgz 898ms (cache miss)
1131 http fetch GET 200 https://registry.npmjs.org/engine.io-client/-/engine.io-client-6.6.4.tgz 937ms (cache miss)
1132 http fetch GET 200 https://registry.npmjs.org/fs-extra/-/fs-extra-3.0.1.tgz 893ms (cache miss)
1133 http fetch GET 200 https://registry.npmjs.org/statuses/-/statuses-2.0.2.tgz 919ms (cache miss)
1134 http fetch GET 200 https://registry.npmjs.org/socket.io/-/socket.io-4.8.3.tgz 935ms (cache miss)
1135 http fetch GET 200 https://registry.npmjs.org/serve-index/-/serve-index-1.9.2.tgz 945ms (cache miss)
1136 http fetch GET 200 https://registry.npmjs.org/browser-sync/-/browser-sync-3.0.4.tgz 1014ms (cache miss)
1137 http fetch GET 200 https://registry.npmjs.org/bs-recipes/-/bs-recipes-1.3.4.tgz 1065ms (cache miss)
1138 http fetch GET 200 https://registry.npmjs.org/lodash/-/lodash-4.17.23.tgz 1154ms (cache miss)
1139 http fetch GET 200 https://registry.npmjs.org/rx/-/rx-4.1.0.tgz 1184ms (cache miss)
1140 http fetch GET 200 https://registry.npmjs.org/browser-sync-ui/-/browser-sync-ui-3.0.4.tgz 1560ms (cache miss)
1141 silly ADD node_modules/ansi-regex
1142 silly ADD node_modules/is-fullwidth-code-point
1143 silly ADD node_modules/emoji-regex
1144 silly ADD node_modules/wrap-ansi
1145 silly ADD node_modules/strip-ansi
1146 silly ADD node_modules/yargs-parser
1147 silly ADD node_modules/y18n
1148 silly ADD node_modules/string-width
1149 silly ADD node_modules/require-directory
1150 silly ADD node_modules/get-caller-file
1151 silly ADD node_modules/escalade
1152 silly ADD node_modules/cliui
1153 silly ADD node_modules/is-number
1154 silly ADD node_modules/has-flag
1155 silly ADD node_modules/limiter
1156 silly ADD node_modules/commander
1157 silly ADD node_modules/xmlhttprequest-ssl
1158 silly ADD node_modules/engine.io-client
1159 silly ADD node_modules/engine.io-client/node_modules/ms
1160 silly ADD node_modules/engine.io-client/node_modules/debug
1161 silly ADD node_modules/@socket.io/component-emitter
1162 silly ADD node_modules/undici-types
1163 silly ADD node_modules/ws
1164 silly ADD node_modules/engine.io-parser
1165 silly ADD node_modules/cookie
1166 silly ADD node_modules/@types/ws
1167 silly ADD node_modules/@types/node
1168 silly ADD node_modules/@types/cors
1169 silly ADD node_modules/vary
1170 silly ADD node_modules/object-assign
1171 silly ADD node_modules/socket.io-parser
1172 silly ADD node_modules/socket.io-parser/node_modules/ms
1173 silly ADD node_modules/socket.io-parser/node_modules/debug
1174 silly ADD node_modules/socket.io-adapter
1175 silly ADD node_modules/socket.io-adapter/node_modules/ms
1176 silly ADD node_modules/socket.io-adapter/node_modules/debug
1177 silly ADD node_modules/engine.io
1178 silly ADD node_modules/engine.io/node_modules/ms
1179 silly ADD node_modules/engine.io/node_modules/debug
1180 silly ADD node_modules/cors
1181 silly ADD node_modules/base64id
1182 silly ADD node_modules/mime-db
1183 silly ADD node_modules/negotiator
1184 silly ADD node_modules/mime-types
1185 silly ADD node_modules/batch
1186 silly ADD node_modules/accepts
1187 silly ADD node_modules/range-parser
1188 silly ADD node_modules/mime
1189 silly ADD node_modules/destroy
1190 silly ADD node_modules/concat-map
1191 silly ADD node_modules/balanced-match
1192 silly ADD node_modules/brace-expansion
1193 silly ADD node_modules/minimatch
1194 silly ADD node_modules/safer-buffer
1195 silly ADD node_modules/toidentifier
1196 silly ADD node_modules/setprototypeof
1197 silly ADD node_modules/inherits
1198 silly ADD node_modules/depd
1199 silly ADD node_modules/iconv-lite
1200 silly ADD node_modules/http-errors
1201 silly ADD node_modules/http-errors/node_modules/statuses
1202 silly ADD node_modules/bytes
1203 silly ADD node_modules/lodash.isfinite
1204 silly ADD node_modules/is-number-like
1205 silly ADD node_modules/async
1206 silly ADD node_modules/is-wsl
1207 silly ADD node_modules/ee-first
1208 silly ADD node_modules/is-extglob
1209 silly ADD node_modules/binary-extensions
1210 silly ADD node_modules/requires-port
1211 silly ADD node_modules/follow-redirects
1212 silly ADD node_modules/eventemitter3
1213 silly ADD node_modules/universalify
1214 silly ADD node_modules/jsonfile
1215 silly ADD node_modules/graceful-fs
1216 silly ADD node_modules/unpipe
1217 silly ADD node_modules/statuses
1218 silly ADD node_modules/on-finished
1219 silly ADD node_modules/escape-html
1220 silly ADD node_modules/encodeurl
1221 silly ADD node_modules/to-regex-range
1222 silly ADD node_modules/lodash
1223 silly ADD node_modules/ms
1224 silly ADD node_modules/utils-merge
1225 silly ADD node_modules/parseurl
1226 silly ADD node_modules/finalhandler
1227 silly ADD node_modules/debug
1228 silly ADD node_modules/color-name
1229 silly ADD node_modules/fill-range
1230 silly ADD node_modules/picomatch
1231 silly ADD node_modules/readdirp
1232 silly ADD node_modules/normalize-path
1233 silly ADD node_modules/is-glob
1234 silly ADD node_modules/is-binary-path
1235 silly ADD node_modules/glob-parent
1236 silly ADD node_modules/braces
1237 silly ADD node_modules/anymatch
1238 silly ADD node_modules/color-convert
1239 silly ADD node_modules/supports-color
1240 silly ADD node_modules/ansi-styles
1241 silly ADD node_modules/stream-throttle
1242 silly ADD node_modules/socket.io-client
1243 silly ADD node_modules/socket.io-client/node_modules/ms
1244 silly ADD node_modules/socket.io-client/node_modules/debug
1245 silly ADD node_modules/async-each-series
1246 silly ADD node_modules/mitt
1247 silly ADD node_modules/yargs
1248 silly ADD node_modules/ua-parser-js
1249 silly ADD node_modules/socket.io
1250 silly ADD node_modules/socket.io/node_modules/ms
1251 silly ADD node_modules/socket.io/node_modules/debug
1252 silly ADD node_modules/server-destroy
1253 silly ADD node_modules/serve-static
1254 silly ADD node_modules/serve-static/node_modules/encodeurl
1255 silly ADD node_modules/serve-index
1256 silly ADD node_modules/serve-index/node_modules/statuses
1257 silly ADD node_modules/serve-index/node_modules/depd
1258 silly ADD node_modules/serve-index/node_modules/http-errors
1259 silly ADD node_modules/send
1260 silly ADD node_modules/send/node_modules/statuses
1261 silly ADD node_modules/send/node_modules/on-finished
1262 silly ADD node_modules/send/node_modules/ms
1263 silly ADD node_modules/send/node_modules/encodeurl
1264 silly ADD node_modules/rx
1265 silly ADD node_modules/resp-modifier
1266 silly ADD node_modules/raw-body
1267 silly ADD node_modules/portscanner
1268 silly ADD node_modules/opn
1269 silly ADD node_modules/micromatch
1270 silly ADD node_modules/immutable
1271 silly ADD node_modules/http-proxy
1272 silly ADD node_modules/fs-extra
1273 silly ADD node_modules/fresh
1274 silly ADD node_modules/etag
1275 silly ADD node_modules/eazy-logger
1276 silly ADD node_modules/easy-extender
1277 silly ADD node_modules/dev-ip
1278 silly ADD node_modules/connect-history-api-fallback
1279 silly ADD node_modules/connect
1280 silly ADD node_modules/chokidar
1281 silly ADD node_modules/chalk
1282 silly ADD node_modules/bs-recipes
1283 silly ADD node_modules/browser-sync-ui
1284 silly ADD node_modules/browser-sync-client
1285 silly ADD node_modules/browser-sync
1286 verbose cwd /home/azaroth/Downloads
1287 verbose os Linux 6.19.6-arch1-1
1288 verbose node v25.7.0
1289 verbose npm  v11.11.0
1290 verbose exit 0
1291 info ok
